index,_id,created_utc,selftext
55798,q13759,2021-10-04 13:03:10,"['try', 'post', 'trading', 'app', 'got', 'block', 'second', '.', 'wonder', '?', '\n', '‚Äî', '‚Äî', '‚Äî', '‚Äî', '‚Äî', '‚Äî', '‚Äî', '‚Äî', '\n', '$', 'facebook', ' ', 'need', 'thing', 'good', 'positive', 'market', 'system', 'manifest', ':', '\n', '1', '.', 'whistleblower', 'expose', 'ShortsellerEnrichmentCartel', '(', 'Shitadels', 'enabler', ')', ';', '\n', '2', '.', 'exchange', 'trading', 'platform', 'mandate', 'use', 'Smart', 'Contracts', '.', '\n\n', '$', 'AMC', 'Ent', 'Holdg', '$', 'Farmmi', '$', 'shibusd', '$', 'Camber', 'energy', '$', 'TESLA', '$', 'GameStop', '$', 'Vinco', 'Ventures', 'Inc']"
60705,q52cwq,2021-10-10 08:08:03,"['apology', 'answer', 'obvious', '.', 'scratch', 'head', 'hour', 'try', 'figure', '.', 'daily', 'TESLA', 'TLT', 'candle', 'completely', 'dump', '.', 'market', 'buy', '/', 'sell', 'pre', 'dump', '.', 'guess', 'sort', 'graphical', 'error', '.', 'apprepriate', 'opinion', 'and/or', 'try', 'replicate', '.', 'thank', '\n\n', 'https://preview.redd.it/pnxsiodubks71.png?width=707&amp;format=png&amp;auto=webp&amp;s=be81d0886a29b10e40e48646968035d166f44f07', '\n\n', 'https://preview.redd.it/qnv22o3vbks71.png?width=713&amp;format=png&amp;auto=webp&amp;s=0a8c94a281ee03be33a7c32a17172ab3f702b3b3']"
65193,q9aj0t,2021-10-16 13:54:34,"['*', '*', 'strategy', '1', '.', 'TESLA', '*', '*', '\n\n', 'buy', '19', 'january', '2024', '(', 'exp', '825', 'day', ')', ',', '@', '770', '28.000', 'dollar', ' \n', '\\-', 'catch', 'borrow', '28.000', 'dollar', 'bank', ',', '3.6', '%', 'interest', ',', 'basically', 'mean', '400', '-', '500', 'dollar', 'month', ',', '60', 'month', ' \n', '\\-', 'sell', 'PMCC', '200', 'dollar', 'week', ',', 'timeframe', '825', 'day', ',', '117', 'week', 'x', '200', '=', '23.400', 'dollar', ' \n', '\\-', 'stock', 'high', '2.2', 'year', '770', 'dollar', ',', '100', 'tesla', 'share', '.', '10', 'year', 'worth', '4k-8k', 'dollar', 'share', '=', '400', '-', '800k', '\n\n', '*', '*', 'strategy', '2', '.', 'NIO', '*', '*', ' \n', '\\-', 'buy', '20', 'january', '2023', '(', 'exp', '461', 'day', ')', ',', '@', '40', '500', '-', '1000', 'dollar', '2', '-', '4', 'week', ',', 'catalyst', 'NIO', 'kick', '2022', '.', ' \n', '\\-', 'Upside', 'grow', 'organically', 'money', 'borrow', 'money', '.', ' \n', '\\-', 'stock', 'high', '1.2', 'year', '40', 'dollar', ',', '20', 'x', '100', 'NIO', 'share', '=', '2000', '.', '10', 'year', 'worth', '300', '-', '400', 'dollar', 'share', '=', '600', '-', '800k', '.', '\n\n', 'strategy', 'choose', ',', 'Tesla', 'NIO', ',', '?']"
66773,qb7gpk,2021-10-19 10:55:18,"['lot', 'people', 'WSB', 'speculate', 'TESLA', 'crater', '/', 'flop', '/', 'selloff', 'earning', 'later', 'week', '.', ' ', '.', ' ', 'strong', 'delivery', 'quarter', '.', ' ', 'plus', 'investment', '(', 'include', 'earning', ')', '.', ' ', 'plus', ',', 'iirc', ',', 'repay', 'loan', 'Shanghai', 'gigafactory', 'early', '.', '\n\n', 'justification', 'Tesla', 'selloff', '?', ' ', 'earning', 'expect', 'bad', 'number', 'reason', '?']"
68036,qc5xra,2021-10-20 19:19:38,"['  \n\n', 'old', 'ape', '.', 'alpha', 'Male', 'Ape', 'day', '.', 'live', 'day', 'panhandle', 'banana', 'peel', 'outside', 'environmentally', 'friendly', ',', 'recyclable', 'cardboard', 'home', '.', '\n\n', 'current', 'Living', 'Arrangements', ':', '\n\n', '[', 'HOME', 'sweet', 'home](https://preview.redd.it', '/', 'aamhqnyk1nu71.png?width=465&amp;format', '=', 'png&amp;auto', '=', 'webp&amp;s', '=', 'ee717e222c9238a7b21b3ea79d5f1a59a93c28b8', ')', '\n\n', 'Ford', 'basically', 'rise', 'date', '150', '%', 'year', '.', 'nice', 'gain', '$', '5.00', 'share', 'year', '.', 'manage', 'swing', 'trade', 'month', 'afford', 'new', 'boat', '.', '\n\n', 'New', 'Boat', ':', '\n\n', '[', 'NEW', 'BOAT', ',', 'NAMED', 'JENNY.](https://preview.redd.it', '/', 'czznno5o1nu71.jpg?width=933&amp;format', '=', 'pjpg&amp;auto', '=', 'webp&amp;s=808add5d8f0f8ca625dab6e6d5d2e860c5692c1f', ')', '\n\n', 'stop', 'swing', 'trade', '$', 'f', 'week', 'ago', ',', 'gamble', 'midterm', ',', 'shoot', 'personal', 'price', 'point', '$', '20', 'end', 'year', '.', '\n\n', 'thing', 'young', 'chimp', 'forget', ',', '""', '*', '*', 'Old', 'money', '*', '*', '""', 'good', 'money', '.', 'look', 'WSB', 'idle', ',', 'like', 'Cathie', 'Woods', ',', 'Warren', 'Buffet', ',', 'Elon', 'Musk', ',', 'Jim', 'Cramer', ',', 'Jerome', 'Powell', '.', 'old', '.', 'WSB', 'Chimp', 'like', 'young', '.', '\n\n', 'Ford', 'Family', '30', '%', 'company', 'money', 'old', '.', 'know', 'fire', 'printer', ',', 'slowly', 'surely', 'year', 'late', 'great', 'printing', 'technology', '.', '\n\n', 'Ford', 'Legacy', 'Auto', 'Company', 'TESLA', 'run', 'EV', 'dollar', 'start', '.', 'poor', 'man', 'EV', 'play', '.', '150,000', 'EV', 'truck', 'pre', '-', 'order', '.', ' ', 'roll', 'hill', 'Investor', 'Day', '.', '\n\n', 'chart', 'rocket', ':', '\n\n', '&', 'amp;#x200B', ';', '\n\n', '[', 'CHART', 'ROCKET', 'emjoi](https://preview.redd.it', '/', 'jtpju40t1nu71.png?width=624&amp;format', '=', 'png&amp;auto', '=', 'webp&amp;s=8f80e634fcca92e5fa9aaab82ba64b77d9327cf1', ')', '\n\n', 'Credit', 'Suisse', 'Upgrade', ',', 'Price', 'target', 'Boost', 'ahead', 'Q3', 'Earnings', 'boner', 'morning', ',', 'dd', 'need', '.', 'morning', 'wood', 'good', 'sign', '.', '\n\n', '[', 'Credit', 'Suisse', 'Boner', 'Report](https://www.thestreet.com', '/', 'market', '/', 'ford', '-', 'stock', '-', 'jump', '-', '-', 'credit', '-', 'suisse', '-', 'upgrade', '-', 'ahead', '-', '-', 'q3', '-', 'earning', ')', '\n\n', 'box', 'crayon', 'work', 'Diligence', '.', 'sorry', 'eat', ',', 'box', ':', '\n\n', '&', 'amp;#x200B', ';', '\n\n', '[', 'SNACK', 'BOX](https://preview.redd.it/85v4mndu1nu71.png?width=432&amp;format', '=', 'png&amp;auto', '=', 'webp&amp;s=3b16b1f94f789f9042c23313af86bdce98dc25e7', ')', '\n\n', '*', '*', 'position', ':*', '*', '\n\n', 'different', 'casino', 'table', '800', 'share', ',', '(', '50', ')', '$', '15.5', '11/19', '(', '150', ')', '$', '20', '12/17', '.', '\n\n', '*', '*', 'TLDR', ':*', '*', '\n\n', 'Old', 'Money', 'know', 'money', '.', 'poor', 'man', 'EV', 'Play', '.', 'Boomer', 'Play', '.']"
42451,hhgadbl,2021-10-21 05:55:56,"['remindme', '!', '9', 'day', '""', 'short', 'tesla', 'mad', 'gain', '""']"
8269,hhz6wy2,2021-10-25 14:20:57,"['4.2billion', 'DOLLARS', 'tesla""s', 'GODDAM', 'POCKET', ',', 'HOLY', 'FUCKING', 'SHIT', 'MAN', 'TESLA', 'BANK']"
8650,hi1ghvm,2021-10-26 00:04:31,"['&', 'gt;tesla', 'market', 'CAP', 'increase', 'today', 'ROUGHLY', 'EQUAL', '2x', 'FORD', 'market', 'CAP', '-MORGAN', 'STANLEY', '$', 'TSLA', '\n\n', '^FXHedge', '^[@fxhedgers](http://twitter.com', '/', 'fxhedger', ')', '^at', '^2021', '-', '10', '-', '25', '^18:04:11', '^EDT-0400']"
77339,qi6a56,2021-10-29 08:15:25,"['https://youtu.be/irfr5f3kbpc', '\n\n', '$', 'root', 'trust', '!', 'ROOT', 'reason', 'apologize', ',', 'want', 'fair', 'price', ',', 'discrimination', 'Americans', '.', 'progress', 'insurance', ',', 'good', 'driver', ',', 'drive', 'carefully', 'low', 'rate', 'insurance', 'market', '!', 'Root', 'save', 'money', ',', 'damage', 'live', '.', 'ROOT', '!', '\n\n\n', 'recent', 'partnership', '$', 'Carvana', ',', 'majority', 'investor', 'Root', ',', 'road', 'opportunity', 'open', 'Root', '.', 'Hertz', ',', 'sell', 'fleet', 'Carvana', 'personalized', 'Root', 'insurance', 'Carvana', '.', '$', 'Hertz', 'new', 'partnership', 'Tesla', 'buy', '100,000', 'electric', 'car', '.', 'electric', 'car', 'Root', 'good', 'product', 'study', 'year', '...', 'hope', 'partnership', 'ROOT', '-', '$', 'TESLA', '!', '\n\n', 'think', 'Elon', 'understand', 'important', 'partnership', 'Root', 'Tesla', ',', 'Root', 'approval', '40', 'state', ',', '2022', 'present', 'USA', '.', 'Elon', 'mean', 'saving', '3', '-', '4', 'year', 'mean', 'partnership', 'profesional', 'company', 'field', 'tech', 'insurance', '!']"
77467,qiak2x,2021-10-29 13:20:29,"['speculation', '.', '\n\n', 'APPLE', 'use', 'Intel', 'processor', 'product', '.', 'create', '.', '\n\n', 'APPLE', 'use', 'tesla', 'battery', 'EV', 'car', 'learn', '10', '15', 'year', 'plus', '.', '\n\n', 'bet', 'APPLE', 'announce', 'EV', 'today', 'following', 'week', '.', '\n\n', 'tsla', '@', '$', '1100', '!', 'üöÄ', 'üöÄ', 'üöÄ', 'üöÄ', 'üöÄ', 'üöÄ', 'üöÄ', 'üöÄ', '\n\n', '@MODS', '-', 'ban', 'APPLE', 'DOESNT', 'mention', 'EV', 'FRIDAY', 'WEEK', '.', 'thank', 'XOXO', 'üöÄ']"
79145,qjqjvh,2021-10-31 15:23:37,"['DD', 'post', 'bear', '.', '\n\n', 'know', 'alot', 'dumb', 'retard', 'lose', 'killing', 'tesla', ',', 'time', 'different', '.', 'famous', 'word', 'know', '.', '\n\n', 'look', 'tesla', 'stock', 'pump', 'hard', 'lately', '.', 'know', 'produce', ',', 'tesla', 'vehicle', 'pretty', 'badass', ',', 'sense', '.', '\n\n', 'Enter', 'DTCC', 'haircut', 'rule', 'start', 'tomorrow', '.', '\n\n', 'know', ',', 'live', 'fucking', 'rock', ',', 'start', 'pay', 'attention', 'rule', 'change', 'alot', 'market', '.', '\n\n', 'TLDR', 'haircut', ':', 'force', 'sell', 'leveraged', 'firm', 'stock', ',', 'AA+', 'credit', 'rating', 'rate', '5%-35', '%', 'holding', 'low', 'credit', 'rating', '100', '%', 'liquidate', '.', '\n\n', 'way', ',', '\n\n', 'Tesla', 'credit', 'rating', 'BBB', 'mean', 'leveraged', 'firm', 'holding', 'tesla', 'fucking', 'penny', 'tesla', 'holding', 'liquidate', 'pump', 'market', '.', '\n\n', 'guess', 'firm', 'massive', 'position', 'tesla', '!', '?', 'Cmon', ',', 'guess', '!', 'Ahh', '!', '\n\n', 'Uhh', ',', 'Citadel', '?', '\n\n', 'Citadel', ',', '?', 'yes', ',', 'Susquehanna', '.', 'God', 'damn', 'retards', 'good', '.', '\n\n', 'fucking', 'right', 'retard', '.', 'Citadel', 'Susquehanna', 'huge', 'stake', 'tesla', '....', 'surely', 'retarded', 'think', 'big', 'tesla', 'fucking', 'pump', 'n', 'dump', 'collateral', 'come', '.', '\n\n', 'thing', 'think', 'help', 'tesla', 'dump', 'new', 'nscc', 'rule', 'instead', 'sell', 'share', 'market', ',', 'collateral', 'firm', 'discount', 'price', '.', 'hopefully', 'market', 'sake', 'rule', 'apply', ',', ',', 'TESLA', 'FUCKING', 'PRINT', 'week', ',', 'AMC', '/', 'GME', 'moon', '.', ':)', '\n\n\n\n', 'TLDR', ':', 'TESLA', 'print', 'new', 'dtcc', 'haircutting', 'rule', 'liquidate', 'stock', 'credit', 'rating', 'AA+', '.', 'Tesla', '=', 'BBB']"
80629,qkwmp3,2021-11-02 05:45:59,"['#', '3', 'wsbdaily.com', '24', 'hour', '(', 'affiliation', ')', '\n\n', 'https://preview.redd.it/6r59jrj134x71.png?width=1456&amp;format=png&amp;auto=webp&amp;s=cfbf79e96322848c0b2ad5f1bc769310ce85fa00', '\n\n', '#', 'TSLA', 'Daily', '(', 'Nov.', '2', ')', '-', '15', 'min', '.', '\n\n', '*', 'support', '-', '1170.85', '-', '1161.43', '\n', '*', 'üîé', 'resistance', '-', '1229.27', '\n', '*', 'üêÇ', 'üéØ', '-', '1282.02', '-', '1342.43', '-', '1357.62', '\n', '*', 'üêª', 'üéØ', '-', '1146.90', '-', '1128.14', '-', '1100.26', '\n', '*', 'üêÇ', 'charge', '20', 'smma', '\n\n', 'https://preview.redd.it/uflzajo534x71.png?width=1456&amp;format=png&amp;auto=webp&amp;s=6add2e944916c5e8a50685a83fd65564b7884e33', '\n\n', '#', '#', 'RSI', '-', '15', 'min', '.', '\n\n', '*', 'overbought', '\n', '*', 'üêÇ', 'want', '80.78', '-', '85.33', '+', '\n\n', 'https://preview.redd.it/559et61834x71.png?width=1456&amp;format=png&amp;auto=webp&amp;s=e059b47da236d9e932bec16ddd76009fc80d1869', '\n\n', '#', '#', 'Recent', 'News', '\n\n', '*', 'elon', 'MUSK', '""', 'contract', 'sign', '""', 'hertz-', 'tweet', '\n', '*', 'elon', 'MUSK', 'HERTZ', 'deal', 'ZERO', 'effect', 'TESLA', 'ECONOMICS-', 'TWEET', '\n', '*', 'Tesla', 'Launches', 'New', 'Solar', 'Roof', 'Increased', 'Power', 'Efficiency', '\n', '*', 'Tesla', 'open', 'charge', 'network', 'ev', 'Netherlands', '\n', '*', 'Tesla', 'sign', 'Lithium', 'Supply', 'Deal', 'China', 'Ganfeng', '\n\n', '#', 'GME', 'Daily', '(', 'Nov.', '2', ')', '-', '15', 'min', '.', '\n\n', '*', 'support', '-', '198.6', '-', '191.52', '\n', '*', 'resistance', '-', '201.50', '-', '208.65', '\n', '*', 'üêÇ', 'üéØ', '-', '216.79', '-', '221.67', '-', '230.24', '\n', '*', 'üêª', 'üéØ', '-', '190.62', '-', '186.76', '-', '181.42', '-', '179.04', '\n', '*', 'üêÇ', 'charge', '20', 'SMMA', '\n\n', 'https://preview.redd.it/uh8fa90f34x71.png?width=1456&amp;format=png&amp;auto=webp&amp;s=543d45741fbd8dd1107c8066165787a8c1d0a86a', '\n\n', '#', '#', 'RSI', '-', '15', 'min', '.', '\n\n', '*', '50', '-', 'üêÇ', 'control', '\n\n', 'https://preview.redd.it/63jwy1vh34x71.png?width=1456&amp;format=png&amp;auto=webp&amp;s=77e4dd083527f5b3a5882f21bb78c01f3efee7d5', '\n\n', '#', '#', 'MACD', '-', '15', 'min', '.', '\n\n', '*', 'bearish', 'crossover', 'signal', '\n', '*', 'beware', 'false', 'signal', '\n\n', 'https://preview.redd.it/jypz8qek34x71.png?width=1456&amp;format=png&amp;auto=webp&amp;s=1fcffbb87025c16f2ce15104955b2b28fcf50e21', '\n\n', '#', '#', 'Recent', 'News', '\n\n', '*', 'GameStop', 'COO', 'Jenna', 'Owens', 'Resigns', '\n\n', '#', '[', 'SPY', 'Daily](https://www.reddit.com', '/', 'r', '/', 'wallstreetbet', '/', 'comment', '/', 'qkq5hs', '/', 'i_spy_tuesday_nov_2_2021/?utm_source', '=', 'share&amp;utm_medium', '=', 'web2x&amp;context=3', ')', '\n\n', '#', 'OCGN', 'Daily', '(', 'Nov.', '2', ')', '-', '15', 'min', '.', '\n\n', '*', 'gap', 'fill', '-', '13.00', '-', '12.42', '-', '12.12', '\n', '*', 'üîé', 'support', '-', '13.30', '\n', '*', 'resistance', '-', '14.29', '-', '14.56', '\n', '*', 'üêÇ', 'üéØ', '-', '15.09', '-', '15.75', '-', '16.16', '\n', '*', 'üêª', 'üéØ', '-', '11.40', '-', '10.83', '\n', '*', 'üêÇ', 'charge', '20', 'smma', '\n\n', 'https://preview.redd.it/n51p47wn34x71.png?width=1456&amp;format=png&amp;auto=webp&amp;s=32cdf08837bc51ed79e194befd5d9e82cbfb4672', '\n\n', '#', '#', 'RSI', '-', '15', 'min', '.', '\n\n', '*', 'bearish', 'divergence', '\n', '*', '50', '-', 'üêÇ', 'control', '\n\n', 'https://preview.redd.it/xvi8vujq34x71.png?width=1456&amp;format=png&amp;auto=webp&amp;s=fca0c7f761f16f4fe10106de893566a4ae2e6a80', '\n\n', 'thank', 'reading', ',', '\n\n', 'üåù', 'NightMan']"
11848,hizsh93,2021-11-02 11:05:25,"['&', 'gt;tesla', 'recall', '11,700', 'U.S.', 'vehicle', 'COMMUNICATION', 'error', 'cause', 'false', 'FORWARD', '-', 'collision', 'warning', 'unexpected', 'activation', 'operating', 'SOFTWARE', '--', 'NOTICE', 'file', 'NHTSA', '\n', '$', 'TSLA', '\n\n', '^\\*walter', '^Bloomberg', '^[@DeItaone](http://twitter.com', '/', 'DeItaone', ')', '^at', '^2021', '-', '11', '-', '02', '^06:05:15', '^EDT-0400']"
11958,hj1a15o,2021-11-02 18:27:03,"['yeah', '...', 'maybe', 'nt', 'start', 'TESLA', '....', 'small', 'shit', 'figure', ',', 'TSLA', 'settle', 'range', ',', 'sell', '.', '\n\n', '&', 'amp;#x200B', ';', '\n\n', 'remember', '...', 'assign', ',', 'capital', 'gain', '250k', 'gain', '.', ' ', 's', '45k', 'taxis', 'count', '.']"
82133,qlr22a,2021-11-03 10:49:29,"['[', 'desperation', '-', 'Musk](https://twitter.com', '/', 'K9KoinsOnly', '/', 'status/1455828941533585408', ')', 'burn', 'life', 'saving', 'OTM', 'option', 'expire', '33', 'minute', 'penny', 'stock', 'homeless', 'crackhead', 'tell', 'magic', 'school', 'bus', 'got', 'ta', 'ask', 'Elon', 'Musk', 'save', 'u', 'payment', 'DOG3', 'coin', '.', '\n\n', '*', '*', 'think', 'TESLA', 'goin', 'moon', 'elon', 'send', 'man', '1', 'billion', 'metal', 'dog', '?', '*', '*']"
82152,qlrpk1,2021-11-03 11:40:16,"['$', 'LCID', 'matter', 'company', 'fail', 'unimaginably', 'current', 'possibly', 'imaginable', 'expectation', '*', ',', 'way', 'undervalue', '""', 'right', '""', ',', 'plus', 'company', '*', 'situation', 'value', ',', 'course', 'potential', 'unimaginably', 'fail', 'version', '*', 'LUCID', 'HAPPEN', '(', 'LUCID', 'UNIMAGINABLE', 'potential', ',', 'scenario', '.', ')', 'mean', '$', 'LCID', '[', ']', 'undervalued', 'fail', '*', '(', '""', 'failed', '""', 'price', 'valuation', 'UNDERVALUED', ')', '[', 'high', ']', 'failed', 'company', 'high', 'valuation', 'NORMALLY', 'VALUED', '(', 'I.E.', 'failed', 'company', '""', 'over""valued', ')', '[', 'high', ']', 'failed', 'OVERVALUED', 'company', 'DONT', 'POTENTIAL$LCID', 'fail', '!', 'calculation', 'right', 'PERMA', '-', 'BEAR', 'ULTRA', '-', 'BEAR', 'E.V.-PHOBIC', ' ', '""', 'price', 'TARGET', 'UNIMAGINABLE', 'price', '(', '$', '140', ')', '""', 'consider', '""', 'UNSUCCESSFUL', '""', 'MIND', ""WE'RE"", '$', '200', 'NEUTRAL', 'price', 'TARGET', ',', 'consider', 'company', '""', 'AVERAGE', '""', 'meet', 'expectation', 'AVERAGE', 'IMPLIED', 'WRITTEN', 'statement', 'decent', '$', '500', 'TARGET', '-', 'right', 'right', ',', 'think', 'company', 'unimaginably', 'successfull', '‚úì', 'think', 'company', 'exceed', 'expectation', '‚àöwhich', 'think', 'FOMO', 'CROWD', '‚úì', ',', '\n ', 'simply', 'price', 'simply', 'UNIMAGINABLE', ',', 'ask', 'ape', ""doesn't"", 'sound', 'good', '?', '?', '\n', 'CONSIDER', 'TESLA', '2014', 'consider', 'AMAZON', '2002', 'consider', 'buy', 'LCID', '2021']"
14620,hjpouml,2021-11-07 20:46:45,"['~~STARK', 'industries~~', 'TESLA', 'MOTORS', '‚Ä¶', '.THATS', '~~WEAPONS', 'COMPANY~~', 'option', 'company', 'DOESNT', '~~MAKE', 'WEAPONS~~', 'ceo', 'stock', '!', '!', '!', 'SELLSELLSELL']"
14701,hjqciem,2021-11-07 23:24:19,"['\\*bloomberg', ':', 'ELON', 'MUSK', 'ACCIDENTALLY', 'BUYS', '-', 'SELLS', '-', '35', 'billion', 'TESLA', 'stock', '.', '""', 'SORRY', ',', 'high', 'FUCK', '""', '-', 'MUSK', '.']"
87561,qp5ytu,2021-11-08 05:27:47,"['soooo‚Ä¶.have', 'guy', 'hear', 'Elon', 'musk', 'twitter', '?', '!', 'involve', 'TESLA', 'stock', '!', '!', '!', '!', 'thread', 'discussion', 'guy', '!', 'look', 'newspaper', 'business', 'section', 'find', 'talk', ',', 'stock', 'share', 'bro', '!', 'let', 'Brian', '(', 'F', '-', 'u', 'Biden', ',', 'lol', ',', 'look', 'newspaper', '.', 'ha', 'ha', '.']"
45192,hjsimeu,2021-11-08 12:23:53,"['anymore', '.', 'tweet', '""', 'stop', 'buy', 'stock', '.', 'sell', 'stake', 'resign', 'TODAY', '.', 'MOTHER', 'tell', 'stock', '300', '""', '\n', 'dipshit', 'twatter', 'tikitok', 'investment', 'guru', 'blow', 'pant', 'sustained', 'rocket', 'cum', '\n', 'TESLA', '50000', 'EOW', 'BUY', 'AVAILABLE', '.', 'sell', 'sister', 'SLAVERY', 'buy', 'LOSE', '!']"
89049,qq0djw,2021-11-09 10:55:41,"[' ', '*', '*', 'TESLA', ',', 'INC', '.', '-', 'TSLA', '*', '*', ' \n\n\n', '*', '*', 'Signal', 'Update', ':*', '*', ' \n\n\n', '*', '*', 'system', 'recommendation', 'today', 'stay', 'long', '.', '*', '*', ' \n\n\n', '*', '*', 'previous', 'BUY', 'signal', 'issue', '10/12/2021', ',', '27', 'day', 'ago', ',', 'stock', '*', '*', '*', '*', 'price', '*', '*', '*', '*', '805.7200', '.', 'TSLA', 'rise', '+44.34', '%', '.', '*', '*']"
89445,qq6ttl,2021-11-09 17:02:54,"['Standard', 'Lithium', 'Ltd', 'underrated', 'lithium', 'mining', '/', 'produce', 'company', 'America', '.', 'locate', 'Arkansas', '150,000', 'acre', 'Bromine', '(', 'cooperation', 'Laxness', ')', 'consider', 'rich', 'place', 'lithium', 'resource', 'United', 'States', '.', 'time', 'domestic', 'lithium', 'plant', 'run', ',', 'company', 'like', 'Albemarle', 'overseas', 'position', '.', 'recent', 'economic', 'evaluation', 'predict', 'produce', '30,000', 'ton', 'lithium', 'year', '(', 'price', 'tonne', 'lithium', 'carbonate', '$', '13,000', ')', '.', 'Lithium', 'company', 'United', 'States', 'time', 'wo', 'able', 'produce', 'half', '$', 'SLI', 'produce', 'year', '.', 'early', '2025', 'predict', 'gap', 'demand', 'Lithium', 'Standard', 'Lithium', 'come', 'race', 'geographical', 'position', 'large', 'supply', 'hand', '.', '\n\n', 'Standard', 'Lithium', 'strategic', 'advantage', 'placement', 'company', '.', 'mile', 'away', 'major', 'EV', 'company', 'TESLA', ',', 'Ford', 'EV', 'manufacturer', '.', 'supply', 'upcoming', 'demand', ',', 'quick', 'refining', 'process', 'know', 'Lithium', ',', 'think', 'company', 'sky', 'rocket', 'soon', 'rocket', 'head', 'moon', '.', '\n\n', '[', 'https://www.standardlithium.com/](https://www.standardlithium.com/', ')', '\n\n', '[', 'https://www.youtube.com/watch?v=wyxrod4\\_ibw](https://www.youtube.com/watch?v=wyxrod4_ibw', ')', '\n\n', '[', 'https://www.standardlithium.com/investors/news-events/press-releases/detail/99/standard-lithium-announces-positive-preliminary-economic](https://www.standardlithium.com/investors/news-events/press-releases/detail/99/standard-lithium-announces-positive-preliminary-economic', ')']"
15928,hk0edlw,2021-11-10 02:10:31,"['Thankyou', '.', 'People', 'spout', '""', ""DIDN'T"", 'ACTUALLY', 'find', 'TESLA', '""', '*', 'aha', 'gotchu', '*', '.', 'know', '.', '\n\n', 'fact', ',', 'Elon', ',', 'Tesla', 'today', '.']"
91097,qr2nlc,2021-11-10 20:54:30,"['listen', 'lil', 'shit', 'RIVN', 'moon', 'tell', '.', '\n\n', '#', '1', '.', 'car', 'company', '.', 'car', 'Wendy', '.', 'buy', 'stuff', 'Wendy', '.', 'buy', 'stuff', 'need', 'money', '.', 'Rivian', 'worth', 'money', '.', 'rivian', 'support', 'Wendy', '.', '\n\n', '#', '2', '.', 'Electric', 'car', 'folk', '.', 'know', 'electric', 'car', '?', 'TESLA', '.', 'favorite', 'stable', 'stock', '.', 'Rivian', 'Tesla', '.', '\n\n', '#', '3', '.', 'car', 'look', 'fuck', 'sick', '.', 'Google', '.', 'look', 'pussy', 'ass', 'cyber', 'truck', '.', 'want', 'roll', 'god', 'damn', 'trapezoid', 'car', 'future', '.', '\n\n', 'summary', ',', 'Tesla&lt;Rivian', '=', 'Wendy']"
92344,qru1l3,2021-11-11 21:19:43,"['\xa0', 'read', 'great', 'news', 'strong', 'upgrade', 'past', 'week', 'regard', 'AMD', '.', '\xa0 ', 'know', '\xa0', 'AMD', 'great', 'run', ',', 'tell', 'run', 'got', 'start', 'recent', 'jump', '.', 'semi', 'semi', '-', 'cap', 'equipment', 'bull', 'foresee', '\xa0', '10', '+', 'year', 'extremely', 'strong', 'growth', '.', '\xa0 ', 'relate', 'AMD', '\xa0', 'particular', ',', 'important', '\xa0', 'point', '\xa0', 'AMD', '(', 'NVDA', ')', 'grow', 'strong', 'organic', 'market', 'growth', 'eat', 'INTC', 'position', '.', 'trend', 'continue', 'year', 'thank', 'increase', 'ev', ',', '""', 'metaverse""/web', '2.0', '&', 'amp', ';', '3.0', '/', 'omniverse', ',', 'IoT', ',', 'digital', 'coin', '/', 'token', ',', 'wearable', 'medical', 'device', ',', 'AR', '/', 'VR', '.', '\xa0 ', 'yes', ',', 'know', 'Intel', 'fanboy', 'scream', 'great', 'thing', 'Pat', ',', 'hold', 'little', 'Intel', ',', 'year', 'turn', 'ship', 'want', 'turn', 'ship', 'fight', 'TSM', ',', 'AMD', ',', 'NVDA', '-', 'good', 'luck', '.', '\n\n', 'simply', 'look', 'pie', 'exist', 'market', 'share', 'big', ""ol'"", 'piece', '\xa0', 'pie', 'Intel', 'eat', 'away', 'AMD', 'quickly', 'year', '.', '\xa0\n\n', 'revenue', '(', 'TTM', ')', '\n', 'AMD', '$', '14.9b', '09/30/2021', '\n', 'NVDA', '$', '21.9B', '\xa0', '\xa0', '07/31/2021', '\n', 'INTC', '$', '78.5B', '\xa0', '\xa0', '09/30/2021', '\n\n', 'Forward', 'EPS', 'Long', 'Term', 'Growth', '(', '3', '-', '5', 'Yrs', ')', '\n', 'AMD', '35.32', '%', '09/30/2021', '\n', 'NVDA', '32.60', '%', '07/31/2021', '\n', 'intc', '3.16', '%', '09/30/2021', '\n\n', 'AMD', 'NVDA', '\xa0', 'project', 'great', 'forward', 'EPS', ',', 'main', 'reason', '\xa0', 'bullish', 'AMD', 'majority', 'Intel', 'revenue', 'come', 'cpu', 'pc', 'data', 'center', '-&gt', ';', 'AMD', 'predator', '\xa0', 'continue', 'eat', 'away', 'huge', 'cash', 'pie', '.', '\n\n', 'note', ',', 'AMD', 'enter', 'Wave', '5', '-', 'Bullish', 'Elliott', 'Wave', '11/9/21', '.', '\n\n', 'Upgrades', '/', 'Downgrades', 'week', ':', '\n', '--', 'bofa', 'Securities', 'raise', 'Price', 'Target', 'Buy', '-', 'rate', 'Advanced', 'Micro', 'Devices', '$', '175', '$', '150', 'Meta', 'Adoption', 'EPYC', 'cpu', '\n', '--', 'susquehanna', 'Adjusts', 'AMD', 'Price', 'Target', '$', '175', '$', '145', ',', 'Keeps', 'Positive', 'rating', '\n', '--', '\xa0', 'Wedbush', 'Lifts', 'AMD', 'Price', 'Target', '$', '165', '$', '140', ';', 'Outperform', 'rating', '\n', '--', '\xa0', 'AMD', 'price', 'target', 'raise', '$', '180', '$', '145', 'Wells', 'Fargo', ',', 'overweight', '\n', '--', '\xa0', 'Zacks', 'Investment', 'Research', ',', 'Inc.', 'upgrade', 'ADVANCED', 'MICRO', 'DEVICES', 'ORD', 'SHS', 'NEUTRAL', 'outperform', '.', '\n\n', 'recent', 'headline', ':', '\n', '--', 'Tencent', 'Adopts', 'Semi', '-', 'Custom', 'AMD', 'gpu', ',', 'design', 'Drivers', '\n', '--', '\xa0', 'Facebook', 'Meta', 'AMD', 'EPYC', 'North', 'Dome', 'CPU', 'Platform', 'Details', '\n', '--', '\xa0', 'IBM', 'Cloud', 'select', '3rd', 'Gen', 'AMD', 'EPYC', '‚Ñ¢', 'Processors', 'New', 'Bare', 'Metal', 'Offering', 'Compute', '-', 'intensive', 'workload', '\n', '--', 'Samsung', 'set', 'announce', 'Exynos', '2200', 'AMD', 'GPU', 'November', '19', '\n', '--', '\xa0\xa0', 'AMD', '""', 'ALDEBARAN', '""', 'GPU', 'WON', 'EXASCALE', '\n', '--', '\xa0\xa0', 'AMD', 'deal', 'Mega', ""'"", 'significant', 'win', ',', ""'"", 'Jefferies', '‚Äô', 'Jared', 'Weisfeld', '\n', '--', '\xa0\xa0', 'TESLA', 'PLAID', 'ECU', 'tear', '(', 'AMD', 'INSIDE', '!', '!', ')']"
17413,hkd914r,2021-11-12 20:17:06,"['think', 'mean', 'buy', 'wife', 'NEW', 'TESLA', 'stock', 'xmas--', 'hit', '3000', 'buy', 'tesla', 'car', '.']"
46254,hkhibb7,2021-11-13 19:42:58,"['headline', 'tomorrow', ':', '\n\n', '*', '*', 'NEW', 'TESLA', 'MILLIONAIRE', 'DUMPS', 'STOCK', ',', 'BUYS', 'FORD', '.', 'know', '?', '*', '*']"
98615,qwv5wt,2021-11-18 18:43:27,"['listen', 'retard', '.', 'easy', '10x', 'play', ',', 'multi', '-', 'bagger', 'potential', 'confirm', '.', 'break', 'number', '.', '\n\n', '&', 'amp;#x200B', ';', '\n\n', '...', 'Aurora', 'Driver', '(', 'autonomous', 'driving', 'tech', ')', '\n\n', '&', 'amp;#x200B', ';', '\n\n', 'https://preview.redd.it/dk8234nlyd081.png?width=941&amp;format=png&amp;auto=webp&amp;s=986233b13a943c36e75552274d2a2e26bfb2cbf7', '\n\n', '&', 'amp;#x200B', ';', '\n\n', 'https://preview.redd.it/yzaldq2oyd081.png?width=941&amp;format=png&amp;auto=webp&amp;s=4aaec10f082844748698cd112b0a9754242dabe7', '\n\n', 'background', '...', '\n\n', 'Aurora', ',', 'know', 'Aurora', 'Innovation', ',', 'Inc.', ',', 'american', 'self', '-', 'drive', 'vehicle', 'technology', 'company\\[1\\]\\[2\\', ']', 'base', 'Pittsburgh', ',', 'pennsylvania\\[3\\]\\[4\\', ']', 'Mountain', 'View', ',', 'California.\\[5\\', ']', 'Aurora', 'know', 'develop', 'Aurora', 'Driver', ',', 'computer', 'system', 'integrate', 'car', 'autonomous', 'driving.\\[6\\]\\[7\\', ']', 'Aurora', 'co', '-', 'found', 'Chris', 'Urmson', ',', 'chief', 'technology', 'officer', 'Google', '/', 'Alphabet', 'Inc.', 'self', '-', 'drive', 'team', ',', 'know', 'Waymo,\\[1\\]\\[8\\', ']', 'Sterling', 'Anderson', ',', 'head', 'Tesla', 'Autopilot', ',', 'Drew', 'Bagnell', ',', 'head', 'Uber', 'autonomy', 'perception', 'team.\\[9\\]\\[10\\', ']', '\n\n', '&', 'amp;#x200B', ';', '\n\n', 'company', 'support', 'Uber', '.', '-', 'percent', 'Aurora', 'Uber', 'December', '2020.\\[11\\]\\[12\\', ']', 'Nvidia', 'partner', 'Aurora', 'provide', 'hardware', 'Aurora', 'self', '-', 'driving', 'systems.\\[13\\]\\[14\\]\\[15\\', ']', 'Aurora', 'partner', 'Toyota', 'Denso', 'develop', 'self', '-', 'drive', 'taxis.\\[16\\]\\[17\\]\\[18\\]\\[19\\', ']', '\n\n', '&', 'amp;#x200B', ';', '\n\n', 'let', 'look', 'TAM', '...', '\n\n', '&', 'amp;#x200B', ';', '\n\n', 'https://preview.redd.it/xwbhnan5wd081.png?width=964&amp;format=png&amp;auto=webp&amp;s=3f137056de4b2d2880055d4fa2f30b240c8a3c80', '\n\n', 'assume', '10', '%', 'penetration', 'market', ',', 'achievable', 'TAM', '\n\n', '&', 'amp;#x200B', ';', '\n\n', 'trucking', '*', '*', '$', '70b', '*', '*', ' \n', 'Ride', '-', 'Hailing', '*', '*', '$', '3.5b', '*', '*', ' \n', 'local', 'delivery', ' ', '*', '*', '$', '10b', '*', '*', '\n\n', 'combine', 'look', '*', '*', '$', '83.5b', '*', '*', 'total', 'accessible', 'market', '(', 'conservative', ')', '5', '-', 'year', '.', '  \n', 'let', 'short', 'term', ',', 'past', 'year', '.', 'year', 'launch', 'trucking', 'pilot', ',', 'let', 'assume', 'launch', 'able', 'scale', 'truck', 'delivery', 'market', ',', 'let', 'shit', 'giggle', 'penetration', '2.5', '%', 'trucking', 'market', ' ', 'year', '.', '$', '1.75b', '...', 'current', 'market', 'cap', '$', '12.3b.', 'assume', '20x', 'p', '/', 'e', ',', 'assume', '/', 'estimate', '*', '*', 'market', 'cap', '$', '35b', '*', '*', '.', 'hyp', 'growth', 'tech', 'company', '.', '20x', 'p', '/', 'e', 'peanut', 'retard', '.', 'shit', 'way', 'underpriced', '.', '\n\n', '&', 'amp;#x200B', ';', '\n\n', 'https://preview.redd.it/98fqg7gxyd081.png?width=941&amp;format=png&amp;auto=webp&amp;s=d9d1a799ced8f75d5609b7d040f1fd591da66773', '\n\n', '&', 'amp;#x200B', ';', '\n\n', 'know', 'shipping', '/', 'logistic', '/', 'trucking', 'shortage', '.', 'Aurora', 'focus', 'trucking', ',', 'prime', 'position', 'capitalize', 'penetrate', 'market', 'easy', '.', '\n\n', '&', 'amp;#x200B', ';', '\n\n', '&', 'amp;#x200B', ';', '\n\n', 'https://preview.redd.it/q5tdtbibzd081.png?width=941&amp;format=png&amp;auto=webp&amp;s=98c1e41b3020ed63492dab804feacf1c2361b2d5', '\n\n', '&', 'amp;#x200B', ';', '\n\n', 'big', 'advantage', '...', 'partner', 'large', 'company', 'operationalize', 'product', ',', 'ready', 'market', 'TAM', 'area', '!', '\n\n', '&', 'amp;#x200B', ';', '\n\n', '&', 'amp;#x200B', ';', '\n\n', 'https://preview.redd.it/1j46y7gz4e081.png?width=955&amp;format=png&amp;auto=webp&amp;s=8ec495b2df91eeae231600e7ead9f757373e2c5a', '\n\n', '&', 'amp;#x200B', ';', '\n\n', 'team', 'Chris', 'build', ',', 'rockstar', 'team', '!', 'Ex', '-', 'Google', 'Ex', '-', 'TESLA', ',', 'run', 'helm', '.', 'expect', 'explosive', 'growth', '.', '\n\n', '&', 'amp;#x200B', ';', '\n\n', 'https://preview.redd.it/ipz2wprizd081.png?width=941&amp;format=png&amp;auto=webp&amp;s=a9c3c1592970cf3768ed63e9b755bed39424dc34', '\n\n', 'let', 'look', 'benchmarking', 'valuation', '$', 'AUR', '\n\n', '&', 'amp;#x200B', ';', '\n\n', 'https://preview.redd.it/a3ycvxxq2e081.png?width=941&amp;format=png&amp;auto=webp&amp;s=ed487e627efe502b9c1eb90f84c60e6c675fe80c', '\n\n', '&', 'amp;#x200B', ';', '\n\n', 'https://preview.redd.it/jd17d9ys2e081.png?width=941&amp;format=png&amp;auto=webp&amp;s=ae85c6460e5941c66ab0c2df2f337d55cd9740d3', '\n\n', '&', 'amp;#x200B', ';', '\n\n', 'position', '?', '\n\n', '2,000', 'share', 'ML', 'account', '.', '900', 'play', 'SoFI', 'account', '\n\n', '&', 'amp;#x200B', ';', '\n\n', 'https://preview.redd.it/noi5efnd4e081.png?width=1331&amp;format=png&amp;auto=webp&amp;s=453c887fcde761ad252a410b9fa145e795387826', '\n\n', '&', 'amp;#x200B', ';', '\n\n', '*', '*', 'tl;dr', ':*', '*', 'shit', 'way', 'undervalue', 'compare', 'peer', 'industry', '.', 'conservative', 'number', ',', 'easily', '*', '*', '$', '35b', 'market', 'cap', '*', '*', 'company', '.', 'superior', 'LIDAR', 'technology', ',', '-', 'market', 'product', ',', 'great', 'entry', 'trucking', 'market', 'address', 'huge', 'TAM', '.', 'shit', 'multi', '-', 'bagger', ',', 'comparison', 'peer', 'today', ',', 'super', 'cheap', '.', 'ready', 'lift', '-', '!', '[', 'üöÄ', ']', '(', 'https://emojipedia.org/rocket/)[üöÄ](https://emojipedia.org/rocket/)[üöÄ](https://emojipedia.org/rocket/', ')']"
99444,qxfe2m,2021-11-19 13:41:08,"['TLDR', '-', 'depth', 'analysis', '$', 'AUR', '\n\n', 'TLDR', ':', 'AUR', 'possibly', 'BEST', 'future', 'play', ',', 'self', 'drive', 'EV', 'TRUCKING', 'COMPANY', '.', 'significantly', 'undervalue', 'compare', 'competitor', 'HUGE', 'catalyst', 'come', 'APPLE', 'RUMORED', 'PARTNERSHIP', '.', '$', 'SIMILAR', 'trend', 'IONQ', 'GGPI', '.', 'late', ',', 'expect', '$', '20', '-', '30', 'month', 'stock', 'EXTREMELY', 'UNDERVALUED', 'right', '.', '\n\n', 'complex', '-', 'depth', 'overview', ':', '\n\n', '$', 'AUR', '\n\n', '&', 'amp;#x200B', ';', '\n\n', '[', 'EV', 'mix', 'SELF', 'DRIVING.](https://preview.redd.it/82dj85chnj081.png?width=782&amp;format', '=', 'png&amp;auto', '=', 'webp&amp;s', '=', 'c108d3aa01237af555fc34a79fb489d804180a1d', ')', '\n\n ', 'Aurora', '(', 'Nasdaq', ':', 'AUR', ')', 'deliver', 'benefit', 'self', '-', 'drive', 'technology', 'safely', ',', 'quickly', ',', 'broadly', 'mix', 'EV', 'technology', '.', 'found', '2017', 'expert', 'self', '-', 'drive', 'industry', ',', 'Aurora', 'revolutionize', 'transportation', '‚Äì', 'safe', ',', 'increasingly', 'accessible', ',', 'reliable', 'efficient', '.', 'flagship', 'product', ',', 'Aurora', 'Driver', ',', 'platform', 'bring', 'software', ',', 'hardware', ',', 'data', 'service', ',', '\xa0 ', 'autonomously', 'operate', 'passenger', 'vehicle', ',', 'light', 'commercial', 'vehicle', ',', 'heavy', '-', 'duty', 'truck', '.', 'Aurora', 'partner', 'industry', 'leader', 'transportation', 'ecosystem', 'include', 'Toyota', ',', 'Uber', ',', 'Volvo', ',', 'FedEx', ',', 'paccar', '.', 'Aurora', 'test', 'vehicle', 'Bay', 'Area', ',', 'Pittsburgh', ',', 'Texas', 'office', 'area', 'Bozeman', ',', 'MT', ';', 'Seattle', ',', 'WA', ';', 'Louisville', ',', 'CO', ';', 'Wixom', ',', 'MI', '.', ' \n\n', '$', 'AUR', '\n\n', 'Aurora', 'Innovations', 'backing', 'major', 'institutional', 'investor', 'include', 'Morgan', 'Stanley', ',', 'Fidelity', ',', 'Baillie', 'Gifford', ',', 'Sequoia', ',', 'Uber', ',', 'Volvo', ',', 'etc', '.', 'institution', 'physically', 'lock', '6months', 'PIPE', 'investment', '.', 'potential', 'mean', 'break', 'institution', '.', 'likely', 'cause', '$', 'AUR', 'buying', 'frenzy', '\n\n', 'team', '$', 'AUR', '?', '\n\n', 'team', 'past', 'director', 'executive', 'prestigious', 'company', 'TESLA', ',', 'GOOGLE', ',', 'UBER', ',', 'NIKE', ',', 'ALOT', 'IMPORTANT', 'LINK', 'BART', 'NABBE', 'VP', 'corporate', 'DEVELOPMENT', 'STRATEGIC', 'partnership', 'work', 'APPLE', '.', '\n\n', '[', 'team](https://preview.redd.it', '/', 'nr6b55fjmj081.png?width=955&amp;format', '=', 'png&amp;auto', '=', 'webp&amp;s=8740fe0260858b87b8356a47f16705c420dcc269', ')', '\n\n', '&', 'amp;#x200B', ';', '\n\n', 'incredible', 'data', 'access', 'PARTNERSHIP', 'UBER', '.', '\n\n', '[', 'competitive', 'advantage', '.', ']', '(', 'https://preview.redd.it/tgjr2i7omj081.png?width=944&amp;format=png&amp;auto=webp&amp;s=d07c59808cde59700f577f462abbffa8678022c0', ')', '\n\n', 'potential', 'market', 'stupid', '.', '700', 'billion', 'dollar', 'trucking', 'market', 'year', 'mean', 'right', 'company', 'potentially', '10', '-', '50x', 'EASILY', '.', '\n\n', '[', 'Market', 'SIZE](https://preview.redd.it/3x792zgwmj081.png?width=956&amp;format', '=', 'png&amp;auto', '=', 'webp&amp;s', '=', 'ca4ed680461449be3c6aa800c1f24d29f4892313', ')', '\n\n', 'current', 'partnership', ':', '\n\n ', 'quadrant', 'vehicle', 'manufacturer', 'network', 'user', ',', 'Aurora', 'partner', 'large', 'transportation', 'logistic', 'company', 'world', '[', 'fedex](https://aurora.tech', '/', 'blog', '/', 'safe', '-', '-', '-', 'time', '-', 'teaming', '-', '-', '-', 'fedex', '-', '-', 'paccar', ')', ',', 'number', 'ride', 'hail', 'platform', 'planet', '[', 'Uber](https://aurora.tech', '/', 'blog', '/', 'tenacity', '-', '-', 'grit', '-', '-', 'spotlight', '-', '-', 'atgs', '-', 'technical', '-', 'strength', ')', ',', 'number', 'global', 'vehicle', 'OEM', 'planet', '[', 'toyota](https://aurora.tech', '/', 'blog', '/', 'mobility', '-', '-', '-', 'launch', '-', '-', 'aurora', '-', 'driver', '-', '-', 'ride', '-', 'hailing', ')', ',', 'north', 'american', 'OEM', 'trucking', '[', 'volvo](https://aurora.tech', '/', 'blog', '/', 'volvo', '-', 'tap', '-', 'aurora', '-', '-', 'bring', '-', 'autonomous', '-', 'truck', '-', '-', 'market', ')', '[', 'paccar](https://aurora.tech', '/', 'blog', '/', 'aurora', '-', '-', 'teaming', '-', '-', '-', 'paccar', '-', '-', 'deploy', '-', 'self', '-', 'driving', '-', 'truck', ')', '.', 'Aurora', 'believe', 'strong', 'ecosystem', 'partnership', 'bring', 'technology', 'market', 'av', 'industry', '.', '\n\n', '&', 'amp;#x200B', ';', '\n\n', '[', 'big', 'partner', 'toyota', '.', ']', '(', 'https://preview.redd.it/lk66mevioj081.png?width=475&amp;format=png&amp;auto=webp&amp;s=f2c5b05e702d2458bb8dea10a163eae60e339ea6', ')', '\n\n', 'good', 'explode', '.', '\n\n', 'APPLE', 'RECENTLY', 'ANNOUNCED', 'PROGRESS', 'APPLE', 'CAR', 'SELF', 'DRIVING', 'EV', '\n\n', '[', 'self', '-', 'drive', 'EV', 'apple](https://preview.redd.it', '/', 'yt73e8jfpj081.png?width=667&amp;format', '=', 'png&amp;auto', '=', 'webp&amp;s', '=', 'ba82ce8a67cedbcf00950253d78f7228c37c29f4', ')', '\n\n', 'Apple', 'TOYOTA', 'plan', 'create', 'car', ',', 'APPLE', 'close', 'toyota', 'rumoured', 'investing', 'hard', '$', 'AUR', 'AURORA', 'innovation', 'contribute', 'expansion', 'global', 'dominance', 'EV', 'SECTOR', '.', '\n\n', '&', 'amp;#x200B', ';', '\n\n', 'https://preview.redd.it/4z8501vxpj081.png?width=889&amp;format=png&amp;auto=webp&amp;s=92d4db1290e300d4cc27afa3ebcbd2a885f1ae03', '\n\n', 'rumor', 'currently', 'FINISHED', 'PHASE', '2/5', 'GLOBAL', 'expansion', 'validate', 'MODEL', 'start', 'year', '.', 'huge', 'way', 'ahead', 'competitors', 'WAYMO', 'VALUED', '30', 'billion', '.', '\n\n', '&', 'amp;#x200B', ';', '\n\n', 'https://preview.redd.it/myldtjwoqj081.png?width=858&amp;format=png&amp;auto=webp&amp;s=202084f7e3ab12f401653cddd69d0433f42ce994', '\n\n', 'catalyst', ',', 'huge', 'UPTREND', 'comment', 'mention', 'REDDIT', ',', 'twitter,4chan', ',', 'stock', 'twit', '.', 'huge', 'surge', 'new', 'eye', 'come', 'sign', 'stop', '.', '\n\n', 'current', 'trend', 'volume', 'hit', '$', '15', 'k', 'GAMMA', 'squeeze', 'option', 'chain', 'absolutely', 'loaded', '.', 'miss', 'TSLA', ',', 'IONQ', ',', 'LCID', 'jump', 'realize', 'super', 'early', '.', 'buy', 'shares', 'far', 'SAFEST', 'PICK', '.', 'm', 'expect', '$', '20', '-', '30', 'hit', 'month', 'align', 'WAYMOS', 'evaluation', '.', 'market', 'heavily', 'underprice', '.', '\n\n', 'position:5000', 'shares,100', '$', '15', 'expire', 'December', '19th', ',', 'bunch', 'leap', '2024', '\n\n', 'DISCLAIMER', ':', 'financial', 'ADVICE', 'SPECULATION', '.']"
99451,qxfiod,2021-11-19 13:48:54,"['TLDR', '-', 'depth', 'analysis', '$', 'AUR', '\n\n', 'TLDR', ':', 'AUR', 'possibly', 'BEST', 'future', 'play', ',', 'self', 'drive', 'EV', 'TRUCKING', 'COMPANY', '.', 'significantly', 'undervalue', 'compare', 'competitor', 'HUGE', 'catalyst', 'come', 'APPLE', 'RUMORED', 'PARTNERSHIP', '.', '$', 'SIMILAR', 'trend', 'stock', 'like', '$', 'lucids', 'runup', 'late', ',', 'expect', '$', '20', '-', '30', 'month', 'stock', 'EXTREMELY', 'UNDERVALUED', 'right', '.', '\n\n', 'complex', '-', 'depth', 'overview', ':', '\n\n', '$', 'AUR', '\n\n', '&', 'amp;#x200B', ';', '\n\n', 'https://preview.redd.it/58c3bvgdtj081.png?width=782&amp;format=png&amp;auto=webp&amp;s=308d16186fcca57a686272d4c9e3c80554104a0a', '\n\n', '&', 'amp;#x200B', ';', '\n\n ', 'Aurora', '(', 'Nasdaq', ':', 'AUR', ')', 'deliver', 'benefit', 'self', '-', 'drive', 'technology', 'safely', ',', 'quickly', ',', 'broadly', 'mix', 'EV', 'technology', '.', 'found', '2017', 'expert', 'self', '-', 'drive', 'industry', ',', 'Aurora', 'revolutionize', 'transportation', '‚Äì', 'safe', ',', 'increasingly', 'accessible', ',', 'reliable', 'efficient', '.', 'flagship', 'product', ',', 'Aurora', 'Driver', ',', 'platform', 'bring', 'software', ',', 'hardware', ',', 'data', 'service', ',', '\xa0 ', 'autonomously', 'operate', 'passenger', 'vehicle', ',', 'light', 'commercial', 'vehicle', ',', 'heavy', '-', 'duty', 'truck', '.', 'Aurora', 'partner', 'industry', 'leader', 'transportation', 'ecosystem', 'include', 'Toyota', ',', 'Uber', ',', 'Volvo', ',', 'FedEx', ',', 'paccar', '.', 'Aurora', 'test', 'vehicle', 'Bay', 'Area', ',', 'Pittsburgh', ',', 'Texas', 'office', 'area', 'Bozeman', ',', 'MT', ';', 'Seattle', ',', 'WA', ';', 'Louisville', ',', 'CO', ';', 'Wixom', ',', 'MI', '.', ' \n\n', '$', 'AUR', '\n\n', 'Aurora', 'Innovations', 'backing', 'major', 'institutional', 'investor', 'include', 'Morgan', 'Stanley', ',', 'Fidelity', ',', 'Baillie', 'Gifford', ',', 'Sequoia', ',', 'Uber', ',', 'Volvo', ',', 'etc', '.', 'institution', 'physically', 'lock', '6months', 'PIPE', 'investment', '.', 'potential', 'mean', 'break', 'institution', '.', 'likely', 'cause', '$', 'AUR', 'buying', 'frenzy', '\n\n', 'team', '$', 'AUR', '?', '\n\n', 'team', 'past', 'director', 'executive', 'prestigious', 'company', 'TESLA', ',', 'GOOGLE', ',', 'UBER', ',', 'NIKE', ',', 'ALOT', 'IMPORTANT', 'LINK', 'BART', 'NABBE', 'VP', 'corporate', 'DEVELOPMENT', 'STRATEGIC', 'partnership', 'work', 'APPLE', '.', '\n\n', '&', 'amp;#x200B', ';', '\n\n', 'https://preview.redd.it/2ujf00tetj081.png?width=955&amp;format=png&amp;auto=webp&amp;s=a6894874bf2d522716b9da93655491568fdaa76f', '\n\n', '&', 'amp;#x200B', ';', '\n\n', 'incredible', 'data', 'access', 'PARTNERSHIP', 'UBER', '.', '\n\n', '&', 'amp;#x200B', ';', '\n\n', 'https://preview.redd.it/83b4cprgtj081.png?width=944&amp;format=png&amp;auto=webp&amp;s=09a6cea0448e18ff2398669b7419885026ead3dc', '\n\n', 'potential', 'market', 'stupid', '.', '700', 'billion', 'dollar', 'trucking', 'market', 'year', 'mean', 'right', 'company', 'potentially', '10', '-', '50x', 'EASILY', '.', '\n\n', '&', 'amp;#x200B', ';', '\n\n', 'https://preview.redd.it/pbb5psoitj081.png?width=956&amp;format=png&amp;auto=webp&amp;s=5f566a243fe52ac2335eaec49947f8655d171c6a', '\n\n', 'current', 'partnership', ':', '\n\n ', 'quadrant', 'vehicle', 'manufacturer', 'network', 'user', ',', 'Aurora', 'partner', 'large', 'transportation', 'logistic', 'company', 'world', '[', 'fedex](https://aurora.tech', '/', 'blog', '/', 'safe', '-', '-', '-', 'time', '-', 'teaming', '-', '-', '-', 'fedex', '-', '-', 'paccar', ')', ',', 'number', 'ride', 'hail', 'platform', 'planet', '[', 'Uber](https://aurora.tech', '/', 'blog', '/', 'tenacity', '-', '-', 'grit', '-', '-', 'spotlight', '-', '-', 'atgs', '-', 'technical', '-', 'strength', ')', ',', 'number', 'global', 'vehicle', 'OEM', 'planet', '[', 'toyota](https://aurora.tech', '/', 'blog', '/', 'mobility', '-', '-', '-', 'launch', '-', '-', 'aurora', '-', 'driver', '-', '-', 'ride', '-', 'hailing', ')', ',', 'north', 'american', 'OEM', 'trucking', '[', 'volvo](https://aurora.tech', '/', 'blog', '/', 'volvo', '-', 'tap', '-', 'aurora', '-', '-', 'bring', '-', 'autonomous', '-', 'truck', '-', '-', 'market', ')', '[', 'paccar](https://aurora.tech', '/', 'blog', '/', 'aurora', '-', '-', 'teaming', '-', '-', '-', 'paccar', '-', '-', 'deploy', '-', 'self', '-', 'driving', '-', 'truck', ')', '.', 'Aurora', 'believe', 'strong', 'ecosystem', 'partnership', 'bring', 'technology', 'market', 'av', 'industry', '.', '\n\n', '&', 'amp;#x200B', ';', '\n\n', 'https://preview.redd.it/dzxb4mtjtj081.png?width=475&amp;format=png&amp;auto=webp&amp;s=3df3bc6fc82f66495564870381682099229eb371', '\n\n', '&', 'amp;#x200B', ';', '\n\n', 'good', 'explode', '.', '\n\n', 'APPLE', 'RECENTLY', 'ANNOUNCED', 'PROGRESS', 'APPLE', 'CAR', 'SELF', 'DRIVING', 'EV', '\n\n', 'Apple', 'TOYOTA', 'plan', 'create', 'car', ',', 'APPLE', 'close', 'toyota', 'rumoured', 'investing', 'hard', '$', 'AUR', 'AURORA', 'innovation', 'contribute', 'expansion', 'global', 'dominance', 'EV', 'SECTOR', '.', '\n\n', '&', 'amp;#x200B', ';', '\n\n', 'https://preview.redd.it/k8kgybsktj081.png?width=889&amp;format=png&amp;auto=webp&amp;s=4513ed0bb3a11f4feab65b0510f93a6a5c04272b', '\n\n', '&', 'amp;#x200B', ';', '\n\n', 'rumor', 'currently', 'FINISHED', 'PHASE', '2/5', 'GLOBAL', 'expansion', 'validate', 'MODEL', 'start', 'year', '.', 'huge', 'way', 'ahead', 'competitors', 'WAYMO', 'VALUED', '30', 'billion', '.', '\n\n', '&', 'amp;#x200B', ';', '\n\n', 'catalyst', ',', 'huge', 'UPTREND', 'comment', 'mention', 'REDDIT', ',', 'twitter,4chan', ',', 'stock', 'twit', '.', 'huge', 'surge', 'new', 'eye', 'come', 'sign', 'stop', '.', '\n\n', 'current', 'trend', 'volume', 'hit', '$', '15', 'week', 'gamma', 'squeeze', 'option', 'chain', 'absolutely', 'loaded', '.', 'miss', 'TSLA', ',', 'LCID', 'jump', 'realize', 'super', 'early', '.', 'buy', 'shares', 'far', 'SAFEST', 'PICK', '.', 'expect', '$', '20', '-', '30', 'hit', 'month', 'align', 'WAYMOS', 'evaluation', '.', 'market', 'heavily', 'underprice', '.', '\n\n', 'position:5000', 'shares,100', '$', '15', 'expire', 'December', '19th', ',', 'bunch', 'leap', '2024', '\n\n', 'DISCLAIMER', ':', 'financial', 'ADVICE', 'SPECULATION', '.']"
102655,r0gknj,2021-11-23 17:08:40,"['hello', '!', '\n\n', 'market', 'today', 'change', 'fundamental', '.', 'today', 'good', 'time', 'buy', 'long', 'term', 'option', '?', '\n', 'TESLA', ',', 'MSFT', ',', 'NVIDIA', '\n\n', 'need', 'big', 'money', ',', 'want', 'wait', 'till', 'retirement', 'miss', '.', 'want', 'spend', 'time', 'son', '.', 'need', 'home', 'run', '.', 'willing', 'hold', 'month', 'value', '99', '%', '.']"
102657,r0gmhi,2021-11-23 17:10:48,"['\n', 'hello', 'fellow', 'ape', '!', '\n\n', 'market', 'today', 'change', 'fundamental', '.', 'today', 'good', 'time', 'buy', 'long', 'term', 'option', '?', '\n', 'TESLA', ',', 'MSFT', ',', 'NVIDIA', '\n\n', 'need', 'big', 'money', ',', 'want', 'wait', 'till', 'retirement', 'miss', '.', 'want', 'spend', 'time', 'son', '.', 'need', 'home', 'run', '.', 'willing', 'hold', 'month', 'value', '99', '%', '.']"
105094,r2x2ma,2021-11-26 22:19:45,"['hold', '11/26', 'spy', 'lead', 'Thanksgiving', ',', 'constant', 'refusal', 'drop', 'look', 'like', 'finally', 'sell', '.', ',', 'flip', '466p', 'SPY', '11/26', 'lock', 'quick', 'gain', 'end', 'day', '.', 'wrong', '(', 'loss', 'porn', 'enter', 'fight', ')', '.', '\n\n', '[', '11\\/24', 'Loss', 'Porn](https://preview.redd.it', '/', 'srchkxer80281.jpg?width=1078&amp;format', '=', 'pjpg&amp;auto', '=', 'webp&amp;s=4871afd4b641861f1d2fb1c4cb0761eccba9ba56', ')', '\n\n', 'having', 'big', '390', 'contract', ',', 'close', '200', 'end', 'day', 'stave', 'loss', 'trading', 'continue', 'day', '.', '\n\n', '&', 'amp;#x200B', ';', '\n\n', '[', 'regretful', 'closure](https://preview.redd.it/6tm5ce7z80281.jpg?width=1080&amp;format', '=', 'pjpg&amp;auto', '=', 'webp&amp;s', '=', 'd2ef9e75680f89a2d2ced7962c409af38271b15a', ')', '\n\n', 'spend', 'Thanksgiving', 'day', ',', 'thank', 'foreign', 'market', 'S&amp;P', 'future', 'tanking', 'hope', 'favor', '.', 'constantly', 'check', 'phone', 'look', 'hold', ',', 'lose', 'true', 'WSB', 'math', 'lambo', '...', '\n\n', '&', 'amp;#x200B', ';', '\n\n', '[', 'Hope', 'Rises](https://preview.redd.it', '/', 'nn1moied90281.jpg?width=1080&amp;format', '=', 'pjpg&amp;auto', '=', 'webp&amp;s', '=', 'becfdba372a02a01470f9303c1c7434134dd11b6', ')', '\n\n', 'watch', 'spy', 'battle', '461', '462', 'premarket', 'lambo', 'fade', 'turn', 'cardboard', 'box', '.', 'comment', 'daily', 'post', 'holding', 'look', 'autistic', 'brother', 'agree', 'blood', 'batter', 'tell', 'post', 'gain', 'porn', '.', 'behest', 'u', '/', 'abdulbosit1995', ':', '\n\n', '&', 'amp;#x200B', ';', '\n\n', '[', 'gain', 'porn](https://preview.redd.it/4gesnjvaa0281.jpg?width=1080&amp;format', '=', 'pjpg&amp;auto', '=', 'webp&amp;s', '=', 'd3e7a2716b8dcaef7846ec5ec7dd7fe60b66ee26', ')', '\n\n', 'close', 'contract', 'open', 'load', 'share', 'Nvidia', ',', 'AMD', 'Tesla', 'figure', '.', 'lose', 'thousand', 'dollar', 'open', '.', '\n\n', '/INB4', 'OMG', 'Robinhood', ',', 'loser', '-', 'invest', 'eTrade', 'work', '-', 'time', ',', 'RH', 'easy', 'fast', 'trade', 'extra', 'menus', '.', '\n\n', 'current', 'position', ':', '\n\n', '100', 'Nvidia', 'share', ',', '100', 'AMD', 'share', '\n\n', '2', '1100C', 'TESLA', '12/03', ',', '3', '1115C', 'TSLA', '12/03', '\n\n', 'hold', '3k', 'share', 'ticker', 'WSB', 'compatible', '.', 'love', 'win', '!']"
106319,r4tasj,2021-11-29 11:50:48,"['[', 'https://youtu.be/NoyaFRrtzgY](https://youtu.be/NoyaFRrtzgY', ')', 'song', 'Tesla', 'german', 'musician', '""', 'leave', 'City', '""', '.', 'nt', 'understand', '""', 'ELON', 'MUSK', '""', ',', '""', 'TESLA', '""', 'jam', '!', '\n\n', 'https://preview.redd.it/3i8n2rowki281.jpg?width=2886&amp;format=pjpg&amp;auto=webp&amp;s=c78e10eda3d309a02e57bbf74cd153369c512ff7']"
107002,r5eswq,2021-11-30 05:32:38,"['TESLA', 'music', 'video', 'german', 'HONOR', 'GIGA', 'BERLIN', '!', '!', '!', 'nt', 'understand', '""', 'ELON', 'MUSK', '""', ',', '""', 'TESLA', '""', 'jam', '!', '\n\n', '[', 'https:\\/\\/youtu.be\\/NoyaFRrtzgY](https://preview.redd.it', '/', 'gfw6jda7un281.jpg?width=2800&amp;format', '=', 'pjpg&amp;auto', '=', 'webp&amp;s=5ca14d7556fd4df30566f0ba2ff0f4d10a1000a4', ')', '\n\n', '[', 'Shizilla](https://preview.redd.it', '/', 'p1hwnnvvtn281.jpg?width=2886&amp;format', '=', 'pjpg&amp;auto', '=', 'webp&amp;s', '=', 'e25a4a90b44559ab8d67cde64ffaccffbca956d5', ')']"
29272,hnq2qxz,2021-12-08 16:03:47,"['theyre', 'omicron', 'water', 'turn', 'FRICKEN', 'TESLAS', 'GAY']"
30000,hnww58y,2021-12-09 23:59:05,"['yup', '.', '*', 'musk', 'tweet', 'eggplant', '+', 'donut', '*', '\n\n', 'WSB', ':', '""', 'OMG', 'TESLA', 'fuck', '""']"
118535,rgzyil,2021-12-15 15:10:50,"['time', 'try', 'option', 'money', 'ask', 'guy', '.', '\n\n', 'explain', 'buy', 'TESLA', '1000', 'exp', '.', '15', '-', '12', '-', '2021', 'premium', '48.85', 'short', 'stock', '.', '\n\n', '(', 'stock', 'beginning', 'day', '954', '22.00', '940', ')', '\n\n', '\\-', 'profit', 'option', '=', '1000', '-', '940', '-', '48.85', '=', '11.15', '\n\n', '\\-', 'short', '=', '954', '-', '940', '=', '14', '\n\n', '&', 'amp;#x200B', ';', '\n\n', 'thank', 'advance', '.']"
129878,rvxkfl,2022-01-04 16:54:33,"['hello', 'fellow', 'ape', '‚Ä¶', '\n', 'new', 'yr', 'begin', 'start', 'yolo', 'money', 'new', 'position', '.', 'love', 'hear', 'ppls', 'thought', 'throw', '1000', '$', 'right', '.', 'TESLA', 'recently', 'great', 'play', 'start', 'yr', 'right', '.', 'thing', 'HIMX', ',', 'TRLY', ',', 'BB', ',', 'apish', 'stock', '.', 'like', 'ppl', 'invest', '.', 'shabang', '.', 'yolo', 'un', 'want', 'lunch', 'money', 'tendie', '?', '?', '?']"
131855,rxpmn9,2022-01-06 22:35:18,"['TESLA', '-', 'fanboy', ',', 'way', 'cocky', '.', '  \n', 'Perring', 'shorten', 'TESLA', '.', '?', '  \n', 'Time', 'short', 'Elon', '?', ' ', 'bs', '?']"
139198,s6h8to,2022-01-17 23:43:50,"['hi', 'guy', 'read', 'Jeff', 'Epstein', 'find', 'actually', 'work', 'Bear', 'Sterns', 'option', 'pricing', '.', 'inspire', 'lifestyle', 'wealthy', '.', '\n\n', 'buy', 'benefit', 'chinese', 'stock', 'market', 'pay', 'dividend', 'near', 'future', ',', 'China', 'soon', 'large', 'economy', 'world', '.', 'large', '=', ',', 'buy', 'TESLA', '(', 'ELon', 'musk', 'sell', 'tesla', 'china', ')', 'ALIBABA', 'rapidly', 'increase', 'portfolio', '.', '\n\n', 'watch', 'Bloomberg', 'tv', 'stuff', 'like', ',', 'certify', 'information', '.']"
143179,sa45kp,2022-01-22 15:54:06,"['read', 'article', ',', ' \n\n', '""', 'Thursday', 'reversal', 'particularly', 'rare', 'event', '.', 'Nasdaq', '100', '2', '%', 'gain', 'finish', '1.3', '%', ',', 'seventh', 'time', 'past', '10', 'year', 'gain', '1.5', '%', 'turn', '1', '%', 'loss', '.', ' ', 'good', 'news', 'index', 'high', 'week', 'later', ' ', 'case', ',', 'note', 'Susquehanna', 'Financial', 'Group', 'analyst', 'Christopher', 'Jacobson', '.', ' ', '""', '\\[for\\', ']', 'look', 'sign', 'optimism', '...', 'past', ' ', 'offer', 'solace', ',', '""', 'write', '.', 'bad', 'news', ':', 'sample', 'size', ',', ' ', 'small', '.', ' ', '""', '\n\n', 'source', ':', '[', 'https://www.barrons.com/articles/stock-market-dow-nasdaq-sp-500-51642809808?mod=hp\\_LEAD\\_1](https://www.barrons.com/articles/stock-market-dow-nasdaq-sp-500-51642809808?mod=hp_LEAD_1', ')', '\n\n', '&', 'amp;#x200B', ';', '\n\n', 'believe', 'stock', '.', 'interest', 'rate', 'stay', 'line', 'narrative', 'market', 'probably', '480', '(', 'SPY', ')', ',', '400', '(', 'QQQ', ')', '.', 'opinion', 'big', 'caveat', 'week', 'MSFT', 'TESLA', 'APPLE', 'earning', '.', 'case', 'miss', 'big', ',', 'liquidity', 'crunch', 'fuck', '.']"
148625,sertym,2022-01-28 15:18:18,"['long', 'post', '-', 'read', '!', '\n\n', '100', '+', 'Years', 'Auto', 'Industry', 'undisrupted', '.', 'company', 'USA', '-', 'GM', '&', 'amp', ';', 'FORD', '.', 'Software', '/', 'Tech', 'Industry', 'disrupt', 'industry', 'Auto', 'industry', 'undisrupted', 'Tesla', '.', '\n\n', 'today', ',', '100', '+', 'year', '-', 'Aviation', 'industry', 'undisrupted', 'Software', '.', 'old', 'gas', 'guzzling', '/', 'noisy', 'aircraft', 'fill', 'complex', 'system', '&', 'amp', ';', 'thousand', 'button', 'cockpit', 'like', 'gas', 'car', '.', 'complex', 'auto', 'industry', 'end', '2', 'company', 'world', '-', 'Boeing', '&', 'amp', ';', 'Airbus', '.', '\n\n', 'JOBY', 'Aviation', ':', '\n\n', '&', 'amp;#x200B', ';', '\n\n', '*', 'found', '2009', '-', 'joe', 'ben', '-', 'Ex', 'Standford', '-', '[', 'Big', 'Fan', 'Elon', 'Musk](https://www.youtube.com', '/', 'watch?v=42gYBUkxeqo', ')', '\n', '*', '12', 'year', 'Making', '-', 'Current', 'EVTOL', 'Leader', '\n', '*', 'receive', 'FAA', 'G1', 'Stage', '4', 'Certification', '\n', '*', 'Acquired', 'Uber', 'Elevate', 'Business', '&', 'amp', ';', 'Uber', 'invest', 'Joby', '\n', '*', 'Solid', 'Business', 'Plan', '-', 'Vertical', 'Integration', '-', 'Uber', 'App', 'Access', 'Day', '1', 'Commercial', 'Operations', '-', 'Revenue', 'Air', 'Taxi', 'Ride', 'Sharing', '-', 'book', 'Air', 'Taxi', 'Uber', 'Day', '1', '\n', '*', 'Toyota', 'invest', '400', 'million', '$', 'final', 'Series', 'funding', 'valuation', '2.6', 'billion', '$', '\n', '*', 'early', 'Tesla', 'Investors', 'like', 'Ballie', 'Gifford', ',', 'Capricorn', 'Investments', ',', 'Cathie', 'wood', 'early', 'investor', 'JOBY', '.', '\n', '*', 'insider', '54', '%', 'Company', '-', 'share', 'lock', 'till', '50', '$', '-', '5', 'year', '\n', '*', 'Paul', 'Sciarra', '-', 'Pinterest', 'Founder', 'Chairman', 'JOBY', '&', 'amp', ';', 'early', 'investor', '.', '\n', '*', 'Reid', 'Hoffman', '-', 'Linkedin', 'Found', 'bring', 'JOBY', 'IPO', 'SPAC', 'deal', '-', 'raise', '1.1', 'billion', '$', '2021', '\n', '*', 'Reid', 'Hoffman', 'JOBY', 'TESLA', '+', 'UBER', '\n', '*', 'Air', 'Carrier', 'Certification', 'Mid', '2022', '&', 'amp', ';', 'FAA', 'Type', 'certification', 'launch', 'commercial', 'service', 'early', '2023', '\n', '*', 'Airforce', 'Contracts', 'worth', '40', 'million', '$', '-', 'deliver', 'Aircraft', 'Airforce', 'Agility', 'Prime', 'start', 'generate', 'revenue', 'quarter', '.', 'total', '10', 'Aircraft', 'deliver', '2022', '.', '\n', '*', 'NASA', 'big', 'partner', 'JOBY', '-', 'Helping', 'Joby', '[', 'noise', 'profile', 'testing](https://www.youtube.com', '/', 'watch?v', '=', 'HwDGJgUpjCk', ')', '&', 'amp', ';', 'thing', '.', '\n', '*', '[', 'quiet', 'wind](https://www.youtube.com', '/', 'watch?v', '=', 'itP8', '-', '3j2UZI', ')', ',', 'Target', 'noise', 'profile', '65db', '-', 'human', 'conversation', '\n', '*', 'Ex', 'Tesla', ',', 'Ex', 'Garmin', ',', 'Ex', 'Uber', ',', 'Ex', 'FAA', 'rule', 'committee', 'core', 'member', '.', '\n', '*', 'recently', 'demonstrate', '-', '[', 'Longest', 'EVTOL', 'range', 'flight](https://www.youtube.com', '/', 'watch?v=5rpqyuce6ao)with', '159', 'Miles', 'single', 'charge', '\n', '*', 'broken', 'speed', 'record', 'EVTOL', '204', 'Miles', '/', 'hour', '\n', '*', 'FAA', 'Clear', 'Certification', 'Path', '25', 'certification', 'process', 'common', 'fix', 'wing', 'Aircraft', '.', '\n', '*', 'ton', 'progress', 'FAA', 'certification', 'manufacture', ' ', 'include', 'week', 'update', 'regard', 'successful', 'inspection', 'FAA', '.', '\n', '*', '[', 'Second', 'Aircraft](https://www.youtube.com', '/', 'watch?v=-DFKPbOb0_Q', ')', 'FAA', 'Airworthiness', 'certificate', 'couple', 'week', 'start', 'generate', 'revenue', '.', '\n\n', '&', 'amp;#x200B', ';', '\n\n', '2022', 'January', ':', 'short', 'seller', 'attack', '\n\n', '&', 'amp;#x200B', ';', '\n\n', '*', 'Joby', 'lose', '60', '%', 'valuation', 'ipo', 'price', '.', '\n', '*', 'Joby', 'valuation', 'Toyota', 'invest', '400', 'million', '$', '2.6', 'billion', '$', '-', 'raise', '1.1', 'billion', '$', '-', '2x', 'Team', 'Size', '-', '2X', 'Aircraft', '-', 'Broken', 'Speed', '&', 'amp', ';', 'range', 'record', '-', 'successful', 'FAA', 'Inspections', '-', '1.3', 'billion', '$', 'solid', 'cash', 'balance', 'sheet', '.', '\n\n', 'valuation', 'series', 'FUNDING', '-', 'TODAY', 'valuation', '2.3', 'Billion$.', 'short', 'seller', 'attack', 'company', '.', '\n\n', 'PS', ':', 'üíØ', 'JOBY', '.']"
150748,si9x0a,2022-02-02 01:10:34,"['LEGACY', 'AUTO', 'center', 'EARTH', '\n\n', 'LOL', '\n\n', 'GM', 'EARNINGS', 'REPORT', 'flaming', 'PILE', 'GARBAGE', '.', '\n\n', ',', ',', '110,000', 'EV', 'Silverado', 'preordere', '!', '\n\n', 'yeha', '200KWH', 'BATTERY', 'pack', 'COSTS', 'METRIC', 'FUCKTON', '\n\n', 'TESLA', 'FUCKING', 'MOON', '!', '!', '!', '!', '!', '!', '\n\n', 'üòé', 'üòé', 'üòé', 'üòé', 'üòé', 'üòé', 'üòé', 'üòé', 'üòé', 'üòé', 'üòé', 'üòé', 'üòé']"
31434,hwdomb9,2022-02-10 16:51:20,"['dumb', 'market', 'bro', ',', 'shitti', 'expect', 'CPI', 'today', ',', 'strong', 'weekly', 'labor', 'number', ',', 'point', 'hawkish', 'Fed', 'come', 'possibly', 'like', 'state', '.50p', 'increase', ',', 'market', '?', 'lol', 'swear', 'logic', ',', 'fucking', 'algo', 'hedgefund', 'pump', 'hold', 'bag', 'shit', 'hit', 'fan', '.', 'look', 'TESLA', 'example', '...', ',', 'like', '3', 'recall', '2', 'week', 'shit', ',', '....', 'Twitter', 'fuck', 'earning', ',', 'drop', '38', '1', 'hour', '.', 'interesting', 'institution', ',', 'money', 'maker', ',', 'etc', '.', 'typically', 'trading', 'post', '/', 'pre', 'market', ',', 'drop', 'early', 'morning', 'buy', 'think', 'bull', 'run', 'LOL', '.', 'know', ' ', 'think', ',', 'let', ',', 'let', 'run', 'fuck', 'ass', 'come', '.', 'dumbfuckery', 'good', '.']"
52418,hxutm0m,2022-02-21 18:40:14,"['-apple', 'late', 'phone', 'business', 'hear', 'nokia', 'lately', '?', '\n\n', '-NFT', 'far', 'fetched', 'electric', 'car', 'TESLA', 'enter', 'market', ',', 'follow', '.', '\n\n', '-you', 'understand', 'short', '.', '\n\n', '-they', 'burn', 'cash', 'want', 'long', 'invest', 'future', 'profit', ',', '1.3b', 'cash', 'math', '.', '\n\n', '-internal', 'rate', 'return', 'low', 'invest', '0', 'forward', ',', 'want', 'bet', 'internal', 'return', 'rate', 'jump', 'soon', 'play', 'place', '?']"
161325,syp2qn,2022-02-22 15:35:43,"['VIX', 'level', 'February', '14th', ',', 'i.e.', 'S&amp;P', 'future', '0.5', '%', 'comparatively', '.', 'Domino', 'sell', 'Pizza', 'Russia', 'recognize', 'breakaway', 'region', '?', 'care', 'conflict', 'Ukraine', 'buy', 'Domino', 'Pizza', '1.0', 'p', '/', 'S', 'instead', '3.66', 'p', '/', 'e', '10', 'instead', '32', '?', 'course', '!', 'buy', 'value', 'level', 'Walmart', ',', 'Tesla', ',', 'Facebook', ',', 'Google', ',', 'Amazon', ',', '?', 'yes', ',', 'course', '!', 'dumb', 'burn', 'money', 'believe', 'news', 'story', '?', 'stock', 'drop', 'like', 'fly', '7.5', '%', 'inflation', ',', 'crazy', 'valuation', 'guarantee', '50', 'bps', 'hike', 'March', 'PLUS', '-', 'pro', 'know', 'true', '-', 'rate', 'hike', 'stop', '5Y', 'Treasury', 'level', 'reach', '(', 'currently', '1.85', ',', 'read', 'rate', 'year', '1.75', 'minimum', ')', '.', 'politician', 'need', 'create', 'alternative', 'explanation', 'dumb', 'masse', 'stock', 'fall', '.', 'course', 'print', 'money', 'like', 'crazy', ',', 'course', 'non', '-', 'functional', 'logistic', 'Government', 'Corona', '-', 'Regulations', 'short', 'basically', 'commodity', ',', 'course', 'inflation', '(', 'transitory', ')', ',', 'course', 'cheap', 'money', '9th', 'March', '.', 'fellow', 'ape', '.', 'Russia', 'recognize', 'breakaway', 'region', 'consequently', 'logically', ',', 'Domino', 'sell', 'Pizza', '(', 'sarcasm', 'alert', '!', ')', '.', 'Russians', 'come', ',', 'short', '!', 'ape', ',', 'realize', 'world', 'talk', 'war', 'sanction', 'bla', 'bla', ',', 'S&amp;P', 'future', '4260', '4350', '3', 'hour', ',', 'despite', 'fact', 'VIX', 'climb', 'time', 'period', '28', '32', '.', '?', 'VIX', 'level', '14th', 'February', 'equal', 'today', ',', '14th', 'February', 's&amp;p', '4350', '4250', ',', 'course', 'people', 'recognize', 'buy', 'Futures', '.', 'math', 'tell', '.', 'example', ':', 'Goldman', 'tell', 'February', '16th', 'actual', 'war', 'send', 's&amp;p', '5', '%', '.', 'war', '.', ',', 's&amp;p', 'drop', '5', '%', '4484', '230', 'point', '.', 'tell', 'thing', ':', '1', ')', 'nt', 'trust', 'number', 'house', ',', 'analysis', '.', '2', ')', 'actually', 'real', 'war', 'like', '3500', 's&amp;p.', '\n\n', 'TLDR', ':', 'market', 'high', 'inflation', 'couple', 'stop', 'money', 'printing', 'asset', 'buying', 'upcoming', 'rate', 'hike', ',', 'border', 'region', 'conflict', 'middle', 'ongoing', '2014', '.', 'believe', 'political', 'excuse', 'masse', 'lose', 'money', 'deserve', 'retard', '.', ""3'300"", 's&amp;p', 'year', ""10'000"", 'NASDAQ', ',', 'Ukraine', 'reason', 'write', '.', 'yes', ',', 'TESLA', '325', ',', 'stop', 'cry', 'buy', '-', 'sell', '.', ',', 'level', 'reach', 'actual', 'growth', 'prospect', 'buy', 'shit', 'like', 'tomorrow', '!']"
161479,syvho7,2022-02-22 20:05:34,"['hell', '?', '\n\n', 'Russia', 'invade', 'Ukraine', ',', 'Oil', 'price', 'reach', '$', '5', 'gallon', ',', 'inflation', '40', '-', 'year', 'high', 'like', 'world', 'scarier', 'scarier', 'everyday', '‚Ä¶', '\n\n', '#', 'need', 'Tesla', 'Electric', 'Vehicle', '‚Ä¶', '..', '?', '\n\n', 'article', 'talk', 'current', 'insane', 'volatility', 'doom', '-', 'day', 'scenario', 'find', 'specifically', 'Tesla', 'electric', 'vehicle', 'save', 'planet', ',', 'save', 'life', 'save', 'lot', 'money', '.', '\n\n', 'important', 'Electric', 'Vehicle', ',', 'exactly', 'information', 'tie', 'stock', 'portfolio', '‚Ä¶', '..', '\n\n', '#', 'increase', 'NEED', 'EV', '‚ö†', '\n\n', 'https://preview.redd.it/njtiufm4nfj81.png?width=1280&amp;format=png&amp;auto=webp&amp;s=a0e8dfeade9d422523c44277dc2966a066808022', '\n\n ', '[', 'thankyou', 'open', 'Tesla', 'Folder', 'üìÅ', ']', '(', 'https://theteslafolder.substack.com/', ')', '\n\n', 'market', '2022', 'absolutely', 'crazy', ',', 'inflation', 'reach', 'high', 'level', '40', '+', 'year', 'ago', '.', '5', '%', 'raise', ',', 'woo', '-', 'hoo', ',', 'oh', '.', 'wait', '.', 'inflation', 'f\\*cke', 'high', 'purchase', 'power', 'decrease', 'year', 'year', '!', 'crazy', '?', 'recent', 'macro', 'current', 'unpredictable', 'long', 'time', ',', 'Federal', 'Reserve', 'tightening', 'potentially', 'WW3', 'break', 'russian', 'potential', 'invasion', 'Ukraine', '.', '\n\n', ',', 'simple', '.', 'need', 'EV', '.', ""'"", 'need', 'EV', ',', 'drastically', 'reduce', 'money', 'spend', 'fuel', 'car', 'service', '.', 'Tesla', 'recently', 'release', 'amazing', 'feature', 'highlight', 'money', 'Tesla', 'owner', 'save', '-', 'buy', 'gas', 'car', '.', '‚Äô', 'staggering', '.', '\n\n', 'https://preview.redd.it/ymi3jsn6nfj81.jpg?width=1080&amp;format=pjpg&amp;auto=webp&amp;s=1ea158d6bf4da7af683ccb1cbb4fec1a564c8f95', '\n\n', 'example', ',', 'user', 'save', 'nearly', '$', '300', 'month', ',', '*', '$', '300', '!', '*', 'crazy', '?', 'recent', 'gas', 'price', 'reach', 'nearly', '$', '5', 'gallon', ',', 'unjustifiable', 'purchase', 'Internal', 'Combustion', 'Engine', 'vehicle', 'oppose', 'EV', '.', '\n\n', 'fact', 'Tesla', 'save', 'money', 'fuel', 'cost', ',', 'maintenance', ',', 'depreciation', '.', 'buy', 'EV', 'save', 'average', 'driver', 'alot', 'money', 'run', 'cost', '.', 'oh', ',', 'mention', 'Tesla', 'appreciate', '?', 'likely', ',', 'Tesla', 'car', 'sell', 'people', 'buy', 'year', 'ago', '.', '\n\n', 'world', 'current', 'dependency', 'gas', 'oil', 'disgustingly', 'harmful', 'environment', ',', 'kill', 'process', ',', 'economically', 'costly', 'dependent', ',', 'dependency', 'exploit', 'Russia', 'world', 'edge', 'war', ',', '..', '\n\n', '#', 'World', 'War', 'highlight', 'importance', 'EV', '‚úè', '\n\n', 'https://preview.redd.it/jx7yyzr7nfj81.jpg?width=800&amp;format=pjpg&amp;auto=webp&amp;s=a9c64dbee33b7529a797a49830231f9e379c1abd', '\n\n', 'current', 'crisis', 'Ukraine', 'fact', 'Russia', 'use', 'supply', 'natural', 'gas', 'Oil', 'bargaining', 'chip', 'political', 'table', 'cost', 'thousand', 'people', 'life', 'highlight', 'need', 'world', 'transition', 'sustainable', 'energy', ',', 'tomorrow', '2030', '.', '\n\n', 'Popular', 'Stock', 'market', 'investor', 'Ross', 'Gerber', 'summarize', 'strongly', ';', '\n\n', '&', 'gt;‚ÄúGas', '$', '5.50', '(', '!', '!', '!', '!', ')', 'gallon', 'Los', 'Angeles', '.', 'good', 'incentive', 'buy', 'EV', 'gas', 'station', '!', 'save', 'inflation', 'support', 'russian', 'invasion', '.', 'OIL', '.', '""', '\n\n', 'short', 'powerful', 'truthful', 'statement', '.', 'currently', 'Russia', 'prepare', 'invasion', 'Ukraine', 'European', 'Union', 'struggle', 'provide', 'meaningful', 'sanction', 'majority', 'member', '-', 'state', 'dependent', 'russian', 'Natural', 'gas', 'oil', 'someway', '.', '\n\n', 'https://preview.redd.it/yq0fsx48nfj81.png?width=782&amp;format=png&amp;auto=webp&amp;s=60add576479aaddd7b5dd0a2a42e21a4ba0fabd1', '\n\n', 'hesitation', 'react', 'clear', 'violation', 'country', 'border', 'far', 'reinforce', 'current', 'inflationary', 'fear', '.', 'person', 'car', 'ISN‚ÄôT', 'Electric', 'Vehicle', 'suffer', 'severely', 'hand', 'unprecedented', 'increase', 'gas', 'oil', 'price', '.', '\n\n', 'currently', '2.3', 'million', 'barrel', 'russian', 'crude', '(', '$', '75', 'billion', 'year', 'current', 'spot', 'price', ')', 'head', 'west', 'day', 'network', 'pipeline', 'export', 'terminal', 'Baltic', 'Black', 'Seas', ',', 'pour', 'directly', 'refinery', 'central', 'eastern', 'Europe', '.', '\n\n', 'issue', 'universal', 'rob', 'money', '.', '\n\n', 'https://preview.redd.it/pp6sz9j8nfj81.png?width=810&amp;format=png&amp;auto=webp&amp;s=c798b7d0ef5b5b0187923c8349390ec2f12abb51', '\n\n', 'european', 'issue', ',', 'Ross', 'Gerber', 'mention', ',', 'United', 'States', 'feel', 'impact', 'rise', 'gas', 'price', '.', 'change', 'sustainable', 'energy', 'drive', '(', 'literally', ')', 'electric', 'vehicle', '-', '-', 'important', 'step', 'economy', 'resilient', 'political', 'turmoil', 'rash', 'action', 'dictator', '.', '\n\n', 'increase', 'sustainable', 'energy', 'source', 'able', 'supply', 'grid', 'clean', 'energy', 'whilst', 'decrease', 'overall', 'cost', 'stabilize', 'price', '.', 'pay', 'insane', 'money', 'power', 'vehicle', ',', 'power', 'daily', 'commute', 'work', '.', 'battery', 'technology', 'develop', 'EV', 'widespread', ',', 'new', 'reality', ',', 'matter', 'happen', '.', 'EV', 'save', 'money', ',', 'save', 'life', '‚Ä¶', '..', '\n\n', '#', 'Tesla', 'save', 'life', '‚ö°', '\n\n', 'https://preview.redd.it/27x61s79nfj81.jpg?width=2232&amp;format=pjpg&amp;auto=webp&amp;s=5b9d71d575429ae967e536c390010a2b0b7b3cd8', '\n\n', 'current', 'european', 'energy', 'crisis', 'year', 'natural', 'gas', 'stockpile', 'run', 'lower', 'low', 'day', 'recent', 'storm', 'hit', 'United', 'Kingdom', 'North', '-', 'West', 'Europe', 'highlight', 'danger', 'current', 'energy', 'dependency', '.', '\n\n', 'Europe', 'remain', 'mercy', 'Putin', 'Weather', '.', 'switch', 'Electric', 'Vehicles', 'decrease', 'dependency', ',', 'Tesla', 'build', '*', 'Tesla', 'literally', 'save', 'life', '.', '*', 'recent', 'storm', 'create', 'billion', 'damage', ',', 'people', 'unfortunately', 'die', 'tree', 'land', 'car', '.', '\n\n', 'https://preview.redd.it/heovugs9nfj81.png?width=1777&amp;format=png&amp;auto=webp&amp;s=23a0d1de9b4a34f768610767bafdd7ff2efcdd10', '\n\n', 'Tree', 'fall', 'Tesla', 'owner', 'Sam', 'Fursey', 'car', 'drive', ',', 'luckily', '-', 'injure', '.', '\n\n', '&', 'gt', ';', '""', 'old', 'tree', 'fall', 'directly', 'car', ',', 'right', 'driver', 'seat', '.', ' \n', 'drive', 'good', 'friend', 'fianc√©', 'wedding', '.', 'walk', 'away', '...', '*', '*', 'thank', 'high', 'power', ',', 'Tesla', 'engineer', '.', '*', '*', '\n\n', 'Tesla', 'safety', '-', 'design', ',', 'Model', '3', 'able', '""', '*', '*', 'safe', 'car', 'test', '""', '*', '*', 'American', 'National', 'Highway', 'Traffic', 'Safety', 'Administration', '(', 'NHTSA', ')', '.', 'Model', '3', 'literally', 'low', 'probability', 'injury', 'crash', 'compare', '900', 'vehicle', 'test', '.', '*', '*', '42,060', 'people', '.', '*', '*', '\n\n', '42,060', 'people', 'die', 'american', 'road', '2020', '.', 'know', ',', 'love', 'friend', '.', 'tree', 'fall', 'car', 'drunk', 'driver', 't', '-', 'bone', 'vehicle', ',', 'want', 'safe', 'vehicle', '.', 'Electric', 'Vehicles', 'general', 'able', 'safe', 'ice', 'vehicle', 'battery', 'lower', 'centre', 'gravity', 'vehicle', 'allow', 'designer', '(', 'like', 'Tesla', ')', 'create', 'significantly', 'strong', 'casting', 'support', 'safety', 'driver', 'passenger', '.', '\n\n', 'Tesla', 'drive', 'safety', 'revolution', ',', '[', 'dominate', 'Electric', 'Vehicle](https://theteslafolder.substack.com', '/', 'p', '/', '-', '-', 'need', '-', '-', 'tesla', '-', '-', 'never?utm_source', '=', 'url', ')', 'market', ',', 'stock', 'price', 'crazy', 'Tesla', 'PROFITABLE', 'Automaker', 'world', 'year', '‚Ä¶‚Ä¶', '\n\n', '#', 'Tesla', 'EV', 'dominance', ',', 'future', 'Stock', 'Price', 'üìà', '\n\n', 'https://preview.redd.it/73i5s3qanfj81.jpg?width=1600&amp;format=pjpg&amp;auto=webp&amp;s=38fdc4bddbcc14ab3c2bda7129c19c68e2d1dabd', '\n\n', 'Tesla', 'currently', 'comfortably', 'sit', 'big', 'manufacturer', 'Electric', 'Vehicles', 'market', 'share', '21', '%', 'meaning', '1', '5', 'EV', 'sell', 'world', 'Tesla', 'car', '.', ',', 'Tesla', 'profit', 'margin', 'close', '30', '%', 'whilst', 'average', 'manufacturer', 'sit', '7', '%', '‚Ä¶', 'Tesla', 'perfect', 'path', 'dominate', 'world', 'market', 'sell', 'Electric', 'Vehicles', 'profitable', 'vehicle', '.', 'reminder', '‚Ä¶', '..', '\n\n', 'https://preview.redd.it/pf7p0labnfj81.jpg?width=1642&amp;format=pjpg&amp;auto=webp&amp;s=15c64d07e07be6a76af788e605607d375f79f78d', '\n\n', 'Tesla', 'set', 'Trillion', 'dollar', 'company', '(', ')', 'soon', ',', 'potentially', 'add', '$', '200', 'billion', 'current', 'market', 'valuation', '.', '\n\n', 'importantly', ',', 'let', 'tell', '*', '*', '*', '*', 'Tesla', 'DOMINANCE', '*', '*', '*', '*', 'react', 'stock', 'market', 'recent', 'huge', 'violation', 'specifically', 'lose', 'money', 'right', '‚Ä¶', '.', '\n\n', '#', '(', 'lose', ')', 'money', 'right', 'üí∏', '\n\n', 'https://preview.redd.it/r6zd121cnfj81.jpg?width=694&amp;format=pjpg&amp;auto=webp&amp;s=9834372d489eba5c2619e82172956611739a40c8', '\n\n', 'breathe', '.', 'breathe', '.', 'stop', 'panic', '.', 'catalyst', 'Tesla', 'stock', 'come', 'year(s', ')', 'actually', 'unbelievable', '.', 'Tesla', 'trade', '$', '800', 'mean', 'trade', '8', 'x', '2022', 'Revenue', '!', 'currently', 'look', 'incredibly', 'cheap', 'mind', 'short', 'term', 'long', 'term', 'catalyst', '.', '\n\n', 'volatility', 'like', 'market', ',', 'look', 'company', 'look', 'perform', '.', 'current', 'volatility', 'year', '2022', 'likely', 'irrelevant', '2030', 'Tesla', 'produce', 'potentially', '20', 'million', 'car', 'year', '.', 'long', '-', 'term', 'horizon', '.', '\n\n', 'panic', 'short', 'term', ',', '*', 'sell', 'TESLA', 'stock', '?', 'buy', '?', '?', '!', '!', '*', '\n\n', 'answer', ',', 'let', 'way', '.', 'current', 'short', '-', 'term', 'Tesla', 'catalyst', 'mind', ':', '\n\n', 'üìà', 'Giga', '-', 'Texas', 'factory', 'opening', 'soon', '(', 'phase', '1', 'capacity', '500,000', 'vehicle', 'year', ')', '\n\n', 'üè≠', 'giga', '-', 'Berlin', 'factory', 'opening', 'soon', '(', 'phase', '1', 'capacity', '500,000', '+', 'vehicle', 'year', ')', 'factory', 'reduce', 'import', 'cost', ',', 'increase', 'high', 'profit', 'margin', '\n\n', 'üöó', 'Model', 'S', 'X', 'ramp', 'production', '(', 'high', 'margin', 'luxury', 'car', ')', '\n\n', 'üîã', '4680', '-', 'Generation', 'battery', 'cell', 'ramp', 'production', '\n\n', ',', 'ensure', 'DON‚ÄôT', 'lose', 'money', 'volatile', 'market', 'long', 'term', 'investment', 'horizon', '.', 'stay', '-', 'date', 'tesla', 'news', 'feel', 'free', 'subscribe', 'newsletter', 'provide', '-', 'depth', 'analysis', 'find', '!', '\n\n', 'thank', 'read', 'Tesla', 'Folder', ',', 'hope', 'deep', 'dive', '-', 'interesting', 'let', 'know', 'think', '!', '[', 'Share](https://theteslafolder.substack.com', '/', 'p', '/', '-', '-', 'need', '-', '-', 'tesla', '-', '-', 'never?utm_source', '=', 'substack&amp;utm_medium', '=', 'email&amp;utm_content', '=', 'share&amp;action', '=', 'share&amp;token', '=', 'eyj1c2vyx2lkijo2ndkwoda3miwiawf0ijoxnjq1ntu0ode2lcjpc3mioijwdwitnjq5otg1iiwic3viijoicg9zdc1yzwfjdglvbij9.rvlsqk8cd0lcr1_63u7h0g_qlayds8mnl2npjrs-42a', ')', '\n\n', '*', '*', 'TLDR', 'key', '-', '-', 'Aways', '*', '*', '\n\n', '‚ö†', 'increase', 'NEED', 'EV', '\n\n', '‚úè', 'World', 'War', 'highlight', 'importance', 'EV', '\n\n', '‚ö°', 'Tesla', 'save', 'life', '\n\n', 'üìà', 'Tesla', 'EV', 'dominance', ',', 'future', 'Stock', 'Price', '\n\n', 'üí∏', 'lose', 'money', '(', 'stonk', ')']"
38240,hy9qr50,2022-02-24 19:05:08,"['TESLA', 'DEAD', ',', 'm', '[', 'DEAD](https://www.factionfinancial.com', '/', 'prediction/7d9a4885', '-', '00fe-4f72', '-', 'b5a2', '-', 'aaa56c23094c', ')']"
164198,t2cwrg,2022-02-27 02:48:39,"['hurt', 'russian', 'people', 'europoor', '.', 'Russians', 'approve', 'want', 'war', '?', '\n\n', 'prayer', 'people', 'Ukraine', '.', '\n\n', 'https://www.cnbc.com/2022/02/26/eu-uk-canada-us-pledge-to-remove-selected-russian-banks-from-swift.html', '\n\n', 'WSB', ',', 'change', 'trade', 'Monday', '?', '\n\n', 'stock', 'look', 'bank', 'begin', 'ban', 'SWIFT', '?', 'matter', '?', '\n\n', 'personally', 'think', 'cost', 'business', 'higher', '.', 'strange', 'energy', 'oil', 'cost', 'burden', 'buyer', '.', '\n\n', 'rationale', ',', 'oil', 'gas', ',', 'uranium', ',', 'wheat', '(', 'Russia', 'export', ')', 'high', '.', 'guess', 'West', 'leadership', 'care', 'swift', 'deactivation', 'pointless', 'average', 'joe', '.', '\n\n', 'thesis', ',', '‚Äô', 'possible', 'mind', 'turn', 'russian', 'gas', ',', 'want', '.', 'likely', 'continue', 'cost', 'Russia', 'export', 'balloon', '.', 'Biden', 'price', 'pay', 'high', 'look', 'alternative', 'source', '.', '\n\n', 'swift', 'mind', 'pseudo', 'shut', '.', 'regular', 'citizen', 'Europe', 'understand', '.', 'blame', 'Russia', 'government', '.', '\n\n', 'Russia', 'blame', ',', 'wonder', 'shut', '.', '\n\n', 'purchase', 'Sentinelone', 'Incase', 'Russia', 'gets', 'ban', 'SWIFT', '.', 'cybersecurity', 'hot', 'topic', '.', '\n\n', 'BOIL', 'USO', '\n\n', 'Kept', 'TESLA', 'GGPI', '\n\n', 'crazy', '2', 'year', 'üò¢']"
165468,t4b4gs,2022-03-01 16:57:06,"[' ', 'invite', 'Farooq', 'comment', 'pls', '.', '\n', 'EV', 'start', '-', 'Lucid', 'slash', '2022', 'vehicle', 'production', 'forecast', ',', 'cause', 'share', 'plummet', '...', '\n', 'believe', 'TESLA', 'stock', 'price', 'high', ',', 'buy', '.', ' ', 'fundamental', 'profit', 'margin', 'roof', '.', ' ', 'bet', '.', ' ', 'competition', '.', ' ', 'Retards', '!', '\n\n', '""', 'Lucid', 'Group', 'cut', 'car', 'production', 'forecast', 'year', '40', '%', ',', 'send', 'share', 'electric', 'vehicle', 'start', '-', 'tumble', '14', '%', 'hour', 'trading', '.', '""', '\n', 'https://www.cnbc.com/2022/02/28/lucid-slashes-2022-vehicle-production-forecast.html', '?']"
165479,t4bdo0,2022-03-01 17:08:06,"['loss', 'https://imgur.com/a/rQRYaA1', '...', 'fall', 'depression', ',', 'trade', 'rest', '.', 'leave', ',', 'meme', 'stock', 'SPCE', ',', 'AMD', ',', 'BOEING', ',', 'SPY', ',', 'TESLA', '.', 'try', 'game', 'big', 'loss', '.', 'help', 'artist', 'appreciate', '.']"
